response_time,status_code,cpu,memory,failure
1009,200,38,78,0
139,503,51,93,1
394,200,60,20,0
832,200,26,61,0
2180,200,67,27,1
369,200,86,48,1
315,200,80,81,0
939,200,43,15,0
2009,503,77,86,1
2307,500,76,13,1
2112,200,74,64,1
1564,200,48,27,1
193,200,65,25,0
933,200,60,88,0
433,200,15,24,0
125,200,75,89,0
894,500,64,71,1
2086,200,96,62,1
750,200,56,30,0
1570,200,24,86,1
320,500,38,65,1
1547,200,51,20,1
444,200,54,56,0
1613,200,99,61,1
692,200,78,83,0
574,200,76,42,0
985,200,35,41,0
2308,503,69,66,1
595,200,82,15,0
1082,200,38,33,0
619,200,98,85,1
667,200,83,92,1
1533,200,90,82,1
397,200,42,16,0
647,200,66,75,0
768,200,35,76,0
537,200,62,18,0
546,200,64,54,0
871,200,35,86,0
1469,503,15,15,1
2331,200,24,60,1
62,200,59,70,0
1313,200,92,15,1
1987,200,19,20,1
616,200,32,89,0
1491,200,70,11,0
2462,200,25,83,1
1409,200,74,57,0
855,200,92,20,1
1950,200,60,48,1
294,200,65,90,0
829,200,69,63,0
2254,500,50,96,1
317,200,44,79,0
1592,200,46,96,1
1759,200,36,43,1
1610,200,15,43,1
1252,200,60,30,0
1184,500,44,59,1
2214,200,17,81,1
1225,200,55,16,0
2119,200,20,32,1
2404,200,53,28,1
1200,200,31,13,0
252,200,81,82,0
1902,200,38,98,1
150,200,90,87,1
1266,200,83,20,0
372,200,49,89,0
2243,200,42,26,1
546,200,27,46,0
962,500,15,24,1
1683,200,51,76,1
2458,200,23,35,1
521,200,14,63,0
243,200,57,61,0
1080,503,58,55,1
71,500,73,26,1
1176,200,17,75,0
1680,500,23,64,1
2163,200,49,76,1
874,200,78,76,0
70,200,46,91,1
449,200,54,48,0
2215,200,88,40,1
1341,200,17,97,1
1186,200,86,41,1
675,200,48,65,0
2037,200,66,13,1
2163,200,45,48,1
1078,200,46,14,0
658,200,78,43,0
511,500,97,87,1
2436,200,12,19,1
989,200,54,69,0
152,200,64,96,1
2066,200,43,32,1
719,200,53,83,0
833,200,56,85,0
2459,200,76,68,1
1290,200,73,41,0
2496,200,76,46,1
2148,200,12,55,1
1873,200,69,22,1
609,200,57,95,1
1174,200,40,81,0
427,200,97,35,1
1826,200,10,25,1
1171,200,28,21,0
1820,200,16,39,1
464,200,92,86,1
1821,200,96,100,1
711,200,83,45,0
474,200,33,97,1
683,200,93,66,1
274,200,97,15,1
286,200,99,18,1
1195,200,40,60,0
1365,200,31,89,0
145,200,27,56,0
996,200,12,25,0
306,200,36,13,0
431,200,34,37,0
2403,500,93,81,1
174,200,74,19,0
343,200,20,78,0
1612,200,52,47,1
1144,200,28,64,0
957,200,14,53,0
1416,503,73,92,1
853,200,31,54,0
949,200,50,50,0
380,200,26,100,1
2176,500,90,69,1
2125,200,42,69,1
1276,200,89,70,1
1240,200,85,97,1
2071,200,63,30,1
1182,200,54,21,0
2337,200,47,87,1
1084,200,58,10,0
2151,200,39,80,1
737,200,17,89,0
1299,200,97,34,1
1327,200,42,57,0
291,200,75,97,1
60,200,29,97,1
2183,200,52,12,1
1894,200,62,77,1
1138,200,62,80,0
950,200,32,16,0
244,200,99,61,1
799,200,22,41,0
58,200,78,61,0
371,200,94,60,1
1543,200,75,71,1
1130,200,21,70,0
1962,200,79,71,1
724,200,80,20,0
1550,200,96,86,1
81,200,83,19,0
1723,200,68,96,1
1653,200,63,52,1
1525,200,54,16,1
1189,200,66,38,0
576,200,39,55,0
752,200,50,40,0
1167,200,69,41,0
1321,200,61,96,1
896,200,13,17,0
2255,503,63,73,1
65,200,80,82,0
1147,200,60,62,0
729,503,91,33,1
612,200,70,72,0
2449,200,85,91,1
1145,200,32,21,0
1862,200,37,67,1
394,200,24,96,1
191,200,36,57,0
1508,200,97,83,1
97,200,74,22,0
1576,200,39,42,1
1160,200,28,24,0
1540,200,14,38,1
423,200,40,100,1
1081,200,44,16,0
641,200,92,69,1
356,200,100,43,1
1260,200,40,18,0
1600,200,46,40,1
1681,500,75,18,1
2190,200,69,34,1
900,200,100,49,1
1004,200,36,23,0
540,200,98,15,1
1673,200,14,93,1
978,200,68,71,0
1172,200,36,59,0
133,200,71,78,0
1338,200,55,13,0
234,200,46,83,0
1111,200,80,64,0
1271,500,88,81,1
926,200,42,82,0
2272,200,82,72,1
756,200,94,20,1
2494,200,62,28,1
1126,200,24,60,0
104,200,68,39,0
55,200,88,77,1
2083,500,38,22,1
1491,200,57,61,0
1024,200,61,65,0
2014,200,77,83,1
1549,200,65,70,1
1138,200,20,33,0
2011,200,35,22,1
1368,200,30,51,0
2287,200,92,60,1
1362,200,21,15,0
2494,200,61,15,1
1188,200,22,14,0
1787,200,40,55,1
1232,200,59,43,0
1972,200,34,33,1
1328,200,74,27,0
1963,200,74,26,1
830,200,25,93,1
1524,200,21,36,1
372,200,53,39,0
2379,200,89,18,1
1047,200,21,91,1
52,200,45,49,0
2045,200,31,79,1
408,200,58,74,0
1279,200,70,56,0
2281,200,53,28,1
1172,200,53,82,0
203,200,61,59,0
1033,200,10,71,0
1357,200,39,82,0
1998,200,64,69,1
1147,200,81,35,0
2280,200,80,98,1
2079,200,58,35,1
843,200,33,59,0
1338,200,98,96,1
445,503,50,50,1
60,200,50,26,0
629,200,88,24,1
264,200,52,93,1
1942,200,69,33,1
2122,200,30,11,1
378,200,99,28,1
1723,200,51,80,1
249,200,89,24,1
584,200,26,72,0
106,200,73,34,0
124,200,37,81,0
51,200,87,86,1
1874,200,16,42,1
75,200,66,17,0
1056,200,77,12,0
175,500,87,72,1
1122,200,76,80,0
1824,200,22,66,1
1313,200,33,34,0
81,200,88,40,1
794,200,20,35,0
431,200,93,48,1
1920,200,78,15,1
1221,200,22,77,0
765,200,79,73,0
1771,200,28,69,1
1529,200,65,97,1
1767,200,17,46,1
2177,503,84,25,1
1116,200,72,88,0
2366,200,61,11,1
1804,200,65,40,1
1236,200,46,69,0
2116,200,13,43,1
2388,200,24,81,1
703,200,27,32,0
2371,200,77,20,1
1894,200,20,29,1
958,200,35,65,0
2107,200,82,57,1
419,200,71,20,0
1843,200,24,17,1
1467,200,100,99,1
2020,200,51,62,1
1619,200,94,56,1
2479,200,28,76,1
946,200,87,44,1
520,200,80,30,0
782,200,11,34,0
1491,200,64,81,0
1064,200,85,29,0
1627,200,22,44,1
1014,200,39,95,1
1705,200,69,56,1
340,200,84,59,0
934,200,42,24,0
915,200,63,54,0
508,200,16,51,0
934,200,33,63,0
1994,200,63,56,1
2013,200,45,44,1
1909,200,53,28,1
422,200,51,23,0
2062,200,49,94,1
585,200,86,69,1
2430,200,20,80,1
2243,200,39,87,1
2380,200,70,72,1
587,200,16,55,0
1802,200,26,88,1
1334,500,69,63,1
2281,200,77,31,1
1744,200,91,24,1
139,200,31,20,0
2272,200,38,22,1
529,200,59,66,0
1436,200,37,30,0
910,200,95,33,1
1630,200,17,73,1
1569,200,61,20,1
314,200,83,93,1
1157,200,100,23,1
1633,200,81,33,1
1543,200,35,96,1
1630,200,89,99,1
109,200,93,71,1
2185,200,65,30,1
2073,503,17,87,1
1797,200,64,76,1
2460,200,13,58,1
1483,200,39,96,1
836,200,75,79,0
2408,200,29,71,1
238,200,28,38,0
1300,200,39,64,0
1888,200,73,28,1
2197,200,90,38,1
911,200,13,77,0
1431,200,68,33,0
743,200,98,58,1
2160,500,98,88,1
1716,200,64,76,1
163,200,20,49,0
1656,200,21,87,1
1026,200,81,25,0
128,200,42,100,1
1248,200,85,97,1
780,200,67,29,0
1475,200,56,48,0
618,200,23,99,1
2206,200,32,45,1
1732,200,77,24,1
1312,200,15,75,0
1757,200,15,62,1
1428,200,44,92,1
1327,500,83,82,1
592,200,82,96,1
2334,200,39,41,1
1393,200,40,33,0
526,200,30,77,0
258,200,40,36,0
1675,200,18,53,1
1823,200,52,93,1
421,200,24,36,0
1661,200,22,38,1
549,200,89,55,1
278,200,70,18,0
1759,200,55,68,1
569,200,64,62,0
1576,503,92,86,1
488,500,74,26,1
1870,200,52,47,1
2217,200,71,100,1
939,200,27,62,0
1845,503,17,39,1
1267,200,97,37,1
1201,200,59,68,0
2141,200,73,72,1
956,200,96,17,1
144,200,96,81,1
676,200,72,49,0
1238,200,35,12,0
2463,200,31,60,1
1364,200,95,43,1
1399,200,56,84,0
1401,200,33,81,0
297,200,19,91,1
1072,200,17,79,0
1988,200,58,59,1
2240,200,88,22,1
1232,200,16,49,0
1289,200,81,33,0
966,200,86,67,1
237,200,27,26,0
351,200,88,60,1
1996,200,86,36,1
897,200,10,37,0
2024,200,72,19,1
2240,200,33,96,1
1045,200,91,29,1
59,500,76,17,1
1496,200,61,35,0
346,200,26,34,0
857,200,46,16,0
2319,200,24,11,1
236,200,42,67,0
1637,200,87,37,1
1784,200,27,38,1
1817,200,77,84,1
2293,200,55,50,1
1866,500,63,52,1
2082,200,89,14,1
1718,200,11,18,1
1624,200,76,89,1
2353,200,69,60,1
559,200,62,78,0
1674,200,42,21,1
291,200,13,43,0
819,200,18,44,0
268,200,100,24,1
58,200,56,56,0
209,200,15,79,0
1537,200,49,10,1
253,200,55,90,0
1632,200,67,32,1
1873,200,98,92,1
1263,200,44,15,0
997,200,99,17,1
1277,200,52,62,0
1960,200,19,18,1
1656,200,20,26,1
2070,200,61,26,1
1133,200,17,16,0
1871,200,17,87,1
1747,200,86,91,1
801,200,57,22,0
1111,200,31,79,0
1660,200,87,87,1
2189,200,29,90,1
103,200,41,78,0
140,200,47,34,0
1391,200,58,54,0
1016,200,62,14,0
969,200,85,27,0
1535,200,67,81,1
1480,200,37,34,0
795,200,30,68,0
1466,200,68,52,0
838,200,63,91,1
1459,200,14,88,0
477,200,30,11,0
1786,200,79,83,1
302,200,27,52,0
1276,200,47,83,0
175,200,10,83,0
2334,200,87,28,1
2346,200,63,27,1
947,200,92,16,1
574,200,11,27,0
2178,200,19,12,1
621,200,10,93,1
622,200,37,11,0
729,200,62,64,0
2444,200,21,24,1
1725,200,90,13,1
223,200,65,27,0
487,200,89,38,1
1371,503,27,88,1
1416,200,34,100,1
2379,200,76,89,1
537,200,21,47,0
1535,200,45,11,1
2013,200,83,17,1
307,200,83,63,0
1185,200,51,64,0
1555,503,79,33,1
636,200,15,74,0
1737,200,53,86,1
1821,200,48,28,1
1864,200,99,93,1
423,200,50,28,0
1968,200,72,87,1
421,200,69,63,0
899,200,24,32,0
1551,200,66,76,1
2287,200,63,99,1
962,200,95,45,1
1757,200,98,50,1
373,200,15,19,0
2496,200,61,77,1
2010,200,47,84,1
1097,200,25,53,0
1458,200,95,79,1
153,200,55,52,0
1652,200,89,56,1
1763,200,25,85,1
526,200,95,83,1
1614,200,74,45,1
247,200,19,95,1
1643,200,100,53,1
630,200,83,25,0
213,200,40,12,0
2415,200,34,46,1
1069,200,31,78,0
1675,200,82,27,1
442,200,17,50,0
94,200,73,36,0
636,200,77,57,0
1191,200,74,94,1
1551,200,53,55,1
1379,200,50,69,0
862,200,67,57,0
2274,200,89,10,1
2026,200,73,36,1
1602,200,80,31,1
802,200,52,49,0
320,200,69,51,0
2249,503,71,59,1
2083,200,63,82,1
1334,200,67,54,0
1682,200,38,92,1
1012,200,12,36,0
1150,200,68,63,0
345,200,69,33,0
73,200,46,70,0
657,200,97,42,1
1624,200,57,61,1
786,200,15,58,0
1082,500,80,12,1
1109,200,51,79,0
458,500,97,85,1
2258,200,90,38,1
367,200,60,68,0
397,200,31,70,0
928,500,87,95,1
1664,200,54,14,1
2491,200,54,26,1
1326,200,66,60,0
580,200,43,88,0
2496,200,55,51,1
320,200,18,67,0
617,200,60,29,0
600,200,87,70,1
378,200,89,38,1
877,200,69,16,0
2133,200,34,25,1
54,200,72,52,0
280,200,35,18,0
271,200,12,68,0
197,200,64,32,0
112,200,43,85,0
1246,200,14,61,0
1834,200,57,58,1
1872,200,28,95,1
805,200,12,49,0
672,200,60,87,0
1305,200,34,69,0
906,200,65,45,0
374,200,15,100,1
1087,200,19,17,0
813,200,79,92,1
1398,200,100,62,1
887,200,39,33,0
1573,200,80,62,1
1600,200,79,29,1
2321,200,91,99,1
504,200,85,30,0
1744,500,39,64,1
86,200,62,83,0
311,200,60,57,0
1031,200,46,60,0
786,200,100,19,1
1308,200,40,63,0
2448,200,27,48,1
2450,200,95,77,1
2268,200,98,24,1
145,200,63,40,0
551,200,83,23,0
1767,200,31,61,1
2174,200,50,82,1
1829,200,88,23,1
1591,200,51,21,1
2032,200,85,73,1
1378,200,34,26,0
1942,200,19,12,1
420,200,21,44,0
2021,200,40,98,1
1379,200,57,10,0
1167,200,12,24,0
187,200,87,29,1
256,200,93,61,1
2454,200,28,50,1
1549,200,84,13,1
1106,200,17,16,0
2074,200,88,52,1
1487,200,17,43,0
2090,200,59,21,1
1136,503,73,72,1
407,200,96,60,1
1968,200,33,64,1
1732,200,66,27,1
2323,200,54,41,1
1522,200,76,55,1
712,500,94,56,1
1568,200,96,96,1
153,200,74,75,0
509,200,91,63,1
2446,200,32,76,1
418,200,87,30,1
262,200,32,14,0
2317,200,42,45,1
609,200,40,90,0
219,200,77,52,0
451,200,23,89,0
1808,200,88,15,1
1984,200,23,91,1
1267,200,54,73,0
2447,200,96,74,1
2445,200,56,100,1
995,200,73,90,0
1874,200,61,47,1
311,503,36,89,1
2496,200,100,28,1
765,200,87,67,1
1700,200,79,58,1
201,200,80,10,0
1235,200,21,90,0
1916,200,21,13,1
2192,200,81,37,1
1018,200,56,26,0
1888,200,54,71,1
2265,200,52,40,1
192,200,47,77,0
846,200,25,39,0
435,200,91,90,1
587,200,47,63,0
2108,200,74,56,1
1422,200,59,24,0
2435,503,51,19,1
650,200,78,57,0
745,200,22,63,0
2355,200,72,44,1
1558,200,93,35,1
1504,200,94,79,1
584,200,40,64,0
1293,200,50,91,1
98,200,28,36,0
1232,500,26,49,1
1920,200,87,20,1
836,200,93,77,1
1637,200,15,88,1
2276,200,58,25,1
1528,200,10,43,1
303,200,42,21,0
352,200,77,45,0
1956,503,32,63,1
2281,200,40,62,1
280,200,86,82,1
1892,200,33,91,1
740,200,78,65,0
679,200,37,74,0
1635,200,82,27,1
1458,200,70,41,0
147,200,27,49,0
952,200,25,41,0
2320,200,23,58,1
601,200,49,17,0
674,200,56,40,0
71,200,97,76,1
2234,200,61,65,1
222,200,39,66,0
2140,200,27,79,1
865,200,63,19,0
2412,200,35,80,1
762,200,75,49,0
1023,200,87,62,1
1820,200,96,61,1
2492,200,62,55,1
1944,200,48,65,1
550,200,55,73,0
1680,200,78,96,1
1861,200,20,66,1
961,200,78,54,0
1457,200,40,59,0
2147,200,84,12,1
2127,200,44,51,1
2071,200,38,27,1
1507,500,17,27,1
213,200,70,83,0
2494,500,100,39,1
639,200,69,85,0
1059,200,19,23,0
679,200,60,96,1
2499,200,21,63,1
2266,200,11,35,1
195,200,48,87,0
2055,200,98,15,1
1207,200,50,41,0
1245,200,64,81,0
1508,200,74,98,1
1273,200,40,84,0
1177,200,29,18,0
880,200,67,46,0
900,200,40,71,0
1974,200,73,58,1
1693,200,39,93,1
307,200,23,100,1
784,200,79,59,0
342,200,23,45,0
2165,200,44,78,1
2299,200,71,74,1
1439,200,96,39,1
1772,200,56,34,1
2249,200,95,60,1
968,200,58,90,0
888,200,44,96,1
341,200,46,84,0
705,200,54,45,0
1427,200,47,51,0
661,200,62,65,0
2040,200,16,13,1
2196,200,70,31,1
1853,200,39,27,1
1448,200,60,36,0
405,200,83,65,0
2243,200,29,49,1
1639,200,89,64,1
147,200,91,74,1
2498,200,24,52,1
2150,200,64,44,1
196,200,27,41,0
1414,200,25,40,0
1696,200,66,65,1
2381,200,42,42,1
485,200,95,44,1
99,200,86,97,1
2288,200,70,66,1
2467,200,52,37,1
1105,200,43,95,1
1248,200,88,81,1
774,200,61,31,0
893,200,62,38,0
994,200,12,31,0
2222,200,83,30,1
817,200,37,47,0
821,200,85,69,0
2138,200,27,26,1
785,200,32,19,0
767,200,31,76,0
1395,200,86,69,1
663,200,83,18,0
2468,200,37,63,1
212,200,76,98,1
1722,200,49,79,1
871,200,95,47,1
657,200,11,61,0
760,200,81,86,0
1151,200,61,39,0
2294,200,40,81,1
80,200,49,81,0
1069,200,44,88,0
533,200,79,55,0
2441,200,10,95,1
1202,200,13,73,0
252,200,43,73,0
1430,200,66,24,0
2135,200,93,55,1
1565,200,100,66,1
1787,200,55,30,1
2347,200,76,97,1
1725,200,96,22,1
503,200,10,81,0
813,200,97,48,1
268,200,89,21,1
2374,200,28,58,1
1816,200,84,20,1
854,200,26,79,0
1160,200,38,49,0
1070,200,90,86,1
1137,200,100,13,1
2292,200,54,91,1
753,200,77,32,0
1796,200,60,35,1
1373,200,13,61,0
1715,200,55,17,1
2226,200,36,34,1
473,200,11,95,1
410,200,47,44,0
2452,200,34,49,1
1492,200,75,97,1
982,200,13,65,0
2110,200,58,66,1
1821,200,14,18,1
570,200,12,78,0
1317,200,10,13,0
1434,200,28,66,0
1090,200,94,47,1
804,200,98,13,1
1981,200,96,24,1
1810,200,26,86,1
639,200,26,65,0
1091,200,61,62,0
826,200,68,67,0
682,200,73,81,0
2475,200,100,77,1
180,200,46,63,0
1063,200,59,81,0
401,200,30,32,0
281,200,54,99,1
1233,200,75,24,0
1481,200,84,61,0
533,200,10,26,0
927,200,11,83,0
1971,200,34,55,1
1654,200,67,50,1
701,200,42,24,0
2477,200,22,69,1
1182,200,70,79,0
949,503,34,53,1
643,200,66,41,0
2039,200,70,25,1
331,200,90,19,1
649,200,71,50,0
881,200,82,72,0
2354,200,47,15,1
1503,200,39,54,1
2218,200,34,80,1
2151,200,28,15,1
77,200,84,79,0
956,503,93,30,1
475,500,38,37,1
1736,200,77,65,1
1326,200,89,52,1
901,503,88,71,1
1757,200,19,54,1
2353,200,33,45,1
1267,200,42,71,0
1807,200,42,74,1
278,200,74,95,1
1760,200,92,61,1
191,200,83,47,0
1413,200,70,16,0
230,200,42,88,0
1079,200,69,15,0
197,200,59,95,1
1046,200,81,24,0
963,200,71,83,0
976,200,36,14,0
1087,503,97,45,1
2172,200,97,93,1
2439,200,35,34,1
1253,200,29,40,0
1275,503,65,57,1
1676,200,43,27,1
1760,200,32,89,1
1884,200,34,51,1
974,200,64,95,1
2043,200,43,30,1
1662,200,66,45,1
621,200,10,36,0
2424,500,88,58,1
2152,200,89,25,1
1200,200,11,32,0
568,200,68,20,0
1476,200,42,41,0
1688,200,39,100,1
1759,200,73,42,1
2219,200,94,99,1
618,200,51,61,0
953,200,97,59,1
1316,200,77,88,0
1277,200,41,12,0
2061,200,36,49,1
972,200,45,39,0
1948,200,43,89,1
799,200,95,41,1
1306,200,74,68,0
302,200,13,81,0
1901,200,15,70,1
697,200,66,59,0
1672,200,100,37,1
534,200,40,71,0
2119,200,24,40,1
534,200,42,19,0
496,200,19,43,0
500,200,99,45,1
128,200,90,87,1
1146,200,33,57,0
263,503,21,11,1
2243,500,70,15,1
208,200,67,13,0
865,500,100,80,1
1173,200,25,53,0
952,200,88,60,1
2255,200,81,32,1
2340,200,13,72,1
559,200,26,45,0
327,200,35,49,0
804,200,53,17,0
834,200,31,84,0
1732,200,34,29,1
234,200,87,90,1
1386,500,28,49,1
750,200,42,81,0
1107,200,26,47,0
785,200,90,80,1
1194,200,26,46,0
819,200,54,83,0
790,200,31,45,0
1794,200,16,95,1
1222,200,76,36,0
1385,200,21,38,0
1620,200,12,69,1
124,200,85,71,0
1816,200,63,34,1
732,200,72,100,1
871,200,73,73,0
2175,200,91,64,1
1248,200,14,81,0
2358,200,37,71,1
2117,200,42,59,1
861,200,99,59,1
390,200,20,82,0
1724,200,42,49,1
467,200,57,35,0
2212,200,61,74,1
2129,200,41,90,1
1492,200,93,85,1
425,200,62,54,0
2385,200,85,56,1
2340,200,10,40,1
1772,200,13,82,1
542,200,50,36,0
2140,200,80,67,1
1533,200,62,35,1
2149,503,58,54,1
52,200,32,24,0
502,200,48,56,0
2222,200,52,80,1
400,200,53,74,0
2290,200,38,60,1
480,500,76,24,1
1784,200,60,22,1
158,200,95,65,1
1853,200,84,11,1
51,200,39,96,1
2049,200,100,68,1
1452,200,33,74,0
1687,200,42,18,1
1217,200,90,14,1
1363,200,78,91,1
2354,200,41,15,1
1153,200,46,17,0
2044,200,11,69,1
2436,200,26,37,1
322,200,91,88,1
2166,200,29,57,1
691,200,54,18,0
729,200,90,71,1
698,200,42,50,0
1266,200,80,44,0
1039,200,86,87,1
1244,200,61,86,0
117,200,15,71,0
1033,200,92,42,1
940,200,27,74,0
799,200,12,59,0
662,200,11,24,0
50,200,87,22,1
1820,200,62,20,1
967,200,68,99,1
422,200,28,68,0
311,503,43,31,1
1589,503,71,34,1
2276,200,34,75,1
1373,200,35,26,0
2084,200,15,37,1
970,200,55,69,0
433,200,21,57,0
1917,200,47,94,1
216,503,33,67,1
205,200,76,59,0
812,200,86,12,1
2426,200,95,72,1
802,200,55,36,0
878,200,36,24,0
2315,200,62,100,1
1880,200,87,73,1
2074,200,10,22,1
1658,200,18,84,1
113,200,31,67,0
373,200,44,11,0
1498,500,88,74,1
1668,200,94,37,1
856,200,53,57,0
2243,200,77,42,1
2188,200,79,46,1
2266,200,91,45,1
287,200,25,21,0
2109,200,12,49,1
1389,200,78,100,1
1815,200,64,41,1
2130,200,19,42,1
934,200,37,90,0
1664,200,64,75,1
1812,200,62,82,1
1440,200,50,88,0
1819,200,29,86,1
1988,503,96,96,1
55,200,48,49,0
1486,200,87,28,1
1104,200,12,56,0
1751,200,11,24,1
1340,200,71,64,0
1866,200,19,85,1
2478,200,54,74,1
961,200,50,88,0
2144,200,24,68,1
1567,200,14,40,1
2469,200,39,84,1
1282,200,82,54,0
2340,200,71,59,1
291,200,44,61,0
565,200,77,63,0
1381,200,93,38,1
524,200,75,32,0
1439,200,59,61,0
1209,200,38,35,0
1719,200,60,15,1
923,200,87,73,1
1032,200,79,93,1
1859,200,48,76,1
510,200,40,21,0
1035,200,40,57,0
578,200,79,58,0
1635,200,56,39,1
818,200,41,47,0
1503,200,67,50,1
1899,200,93,31,1
926,503,36,54,1
1560,200,64,66,1
1772,200,73,95,1
483,200,35,52,0
1603,200,66,31,1
1281,200,36,30,0
984,200,88,24,1
1765,200,81,36,1
1819,200,56,73,1
2167,200,37,28,1
1692,200,22,19,1
2233,200,60,52,1
376,200,14,36,0
1006,200,11,72,0
754,200,64,58,0
155,200,13,66,0
1108,200,87,78,1
1008,200,20,14,0
2386,200,74,72,1
894,200,24,16,0
2405,200,78,99,1
1340,200,43,37,0
1251,200,75,35,0
1048,200,42,91,1
436,200,22,45,0
1051,200,45,61,0
1732,200,92,68,1
1292,200,57,25,0
264,200,73,77,0
367,503,37,26,1
1320,200,64,12,0
2222,200,20,19,1
2474,200,51,93,1
339,200,83,69,0
463,200,85,63,0
1538,200,16,76,1
211,200,44,90,0
182,200,25,99,1
321,200,12,67,0
2222,200,36,29,1
2465,200,14,58,1
332,200,39,67,0
142,200,58,76,0
2132,200,30,55,1
1988,200,78,36,1
1039,200,76,54,0
1291,200,45,72,0
1464,200,12,29,0
170,200,38,26,0
1042,200,12,72,0
1938,200,99,47,1
1766,200,31,43,1
117,200,43,10,0
2270,200,18,18,1
2326,200,14,14,1
190,200,28,17,0
263,200,61,20,0
2160,200,70,96,1
963,200,22,58,0
904,200,60,62,0
2172,200,83,42,1
2056,200,67,10,1
1784,200,22,27,1
531,200,26,23,0
2306,200,89,89,1
1303,200,70,86,0
2157,200,83,22,1
2328,200,23,97,1
509,503,48,55,1
2140,200,70,39,1
668,200,28,84,0
773,200,74,61,0
2483,503,70,10,1
2441,200,10,35,1
1236,200,37,52,0
727,200,52,21,0
544,200,20,84,0
2255,200,10,34,1
1156,200,24,81,0
1659,200,28,73,1
1537,200,58,24,1
2231,200,85,15,1
2013,200,52,94,1
2424,200,76,36,1
1770,200,100,11,1
1118,200,75,87,0
1784,200,46,12,1
293,200,88,32,1
289,200,34,19,0
425,200,19,14,0
1140,200,23,54,0
567,200,61,31,0
855,200,96,50,1
957,200,38,38,0
295,200,82,86,0
1258,200,44,31,0
426,200,91,65,1
2342,200,74,12,1
239,200,77,89,0
1447,200,95,64,1
2365,200,90,58,1
1844,200,27,35,1
118,200,77,51,0
619,200,17,23,0
524,200,91,52,1
1966,200,92,71,1
1095,200,11,65,0
85,200,74,64,0
1393,200,26,60,0
2017,503,20,48,1
626,200,19,15,0
2070,200,60,36,1
1698,200,44,87,1
922,200,47,41,0
2086,200,61,44,1
2438,200,46,87,1
1511,200,89,99,1
2456,200,51,31,1
57,200,65,61,0
985,503,55,58,1
1107,200,65,92,1
1038,200,62,82,0
150,200,76,37,0
1293,200,52,98,1
1176,200,94,53,1
2245,200,87,55,1
524,200,16,39,0
1531,200,54,57,1
1687,503,32,40,1
1057,200,28,15,0
603,200,62,70,0
1269,200,16,29,0
1968,200,96,28,1
1328,200,47,87,0
527,200,87,44,1
1390,200,80,97,1
2228,200,70,100,1
932,200,21,54,0
198,200,76,85,0
2237,200,53,55,1
115,200,45,66,0
1340,200,70,63,0
101,200,59,31,0
741,200,37,69,0
1971,200,54,93,1
391,200,84,50,0
295,200,24,82,0
338,500,71,71,1
482,500,59,56,1
2232,200,26,77,1
1048,200,79,12,0
877,200,58,55,0
797,200,43,27,0
1926,200,69,70,1
1808,200,56,48,1
2158,200,27,64,1
825,200,18,51,0
210,200,58,49,0
502,200,86,76,1
2153,200,43,77,1
1366,200,11,27,0
829,200,84,72,0
1192,200,50,23,0
1383,200,77,71,0
664,200,71,30,0
69,200,50,88,0
1189,200,76,45,0
900,200,60,52,0
2118,200,16,76,1
2177,200,83,87,1
800,200,73,69,0
2083,200,47,10,1
2356,200,77,79,1
237,200,91,59,1
550,200,69,29,0
1213,200,41,24,0
827,200,73,88,0
1121,200,59,42,0
1689,200,14,69,1
2309,200,96,84,1
1955,200,89,33,1
2042,200,54,13,1
1101,200,53,23,0
904,200,69,91,1
1834,200,67,50,1
2068,200,68,75,1
504,200,91,34,1
513,200,31,55,0
2124,200,43,10,1
1642,200,38,100,1
1169,200,25,30,0
298,200,59,71,0
86,200,41,21,0
1135,503,72,54,1
2124,200,63,65,1
2061,200,53,80,1
345,200,53,63,0
960,503,62,26,1
2005,200,62,11,1
1489,200,51,31,0
2041,500,97,32,1
1527,200,96,50,1
67,200,66,59,0
1829,200,23,24,1
674,200,15,73,0
1190,200,18,95,1
1103,200,93,39,1
1930,503,16,15,1
93,200,97,28,1
981,503,71,94,1
1900,200,34,88,1
308,200,65,82,0
657,200,36,84,0
125,200,40,22,0
2277,200,86,66,1
1637,200,61,19,1
1408,200,42,95,1
2288,200,61,80,1
1492,200,17,64,0
707,500,44,57,1
2245,200,28,69,1
661,200,21,57,0
1543,200,76,16,1
118,200,11,91,1
1665,200,71,50,1
2164,200,64,67,1
602,503,81,20,1
551,200,81,37,0
111,200,58,12,0
1817,200,63,59,1
2440,200,60,64,1
829,200,95,44,1
50,200,94,38,1
652,200,94,99,1
782,200,41,62,0
436,503,24,72,1
598,200,69,87,0
1298,200,30,64,0
959,200,37,90,0
931,200,31,40,0
909,200,36,56,0
1972,200,51,92,1
127,200,82,46,0
650,200,79,72,0
1744,200,57,55,1
2350,200,53,62,1
828,200,30,59,0
757,200,18,37,0
626,200,31,98,1
997,200,43,78,0
1563,200,38,27,1
594,200,50,56,0
1466,503,40,81,1
2187,200,43,14,1
2078,200,87,88,1
231,200,67,99,1
335,200,83,13,0
1341,200,81,40,0
845,200,98,71,1
1326,200,69,12,0
426,500,22,79,1
796,200,30,43,0
2276,200,54,34,1
1973,200,80,90,1
1500,200,90,51,1
138,200,52,30,0
1895,200,35,52,1
2088,200,63,92,1
631,200,96,25,1
2206,200,35,51,1
2258,200,74,26,1
2109,200,68,28,1
2406,200,39,86,1
379,200,31,78,0
2366,200,14,81,1
453,200,51,10,0
1827,200,27,68,1
156,200,60,27,0
1151,200,71,34,0
358,200,31,45,0
998,200,13,18,0
2043,200,89,51,1
1594,200,70,76,1
874,200,13,81,0
1242,200,86,47,1
593,200,42,24,0
871,200,65,89,0
1920,500,73,68,1
833,200,79,99,1
736,200,57,35,0
1327,200,40,84,0
387,200,60,17,0
2441,200,68,79,1
1058,200,79,87,0
1914,200,85,36,1
1922,200,27,90,1
164,200,50,59,0
106,200,26,55,0
66,200,55,17,0
2201,200,82,87,1
1662,200,90,10,1
1751,200,82,36,1
162,200,55,45,0
1765,200,77,50,1
1385,200,40,90,0
2124,200,84,24,1
1629,200,39,38,1
2358,200,41,100,1
930,200,56,40,0
2111,200,66,78,1
2197,200,98,19,1
859,200,75,15,0
532,200,71,73,0
961,200,98,67,1
697,200,56,77,0
2375,200,39,59,1
761,200,50,56,0
214,200,49,47,0
2460,200,46,28,1
166,200,88,88,1
1234,200,26,16,0
650,200,93,56,1
1637,200,53,95,1
461,200,10,31,0
2239,200,99,34,1
578,200,76,31,0
2445,200,23,72,1
1263,200,39,71,0
94,200,37,73,0
255,200,65,58,0
996,200,74,94,1
1454,200,25,17,0
1069,200,63,59,0
307,200,69,67,0
2265,200,79,22,1
1632,200,52,65,1
1237,200,37,42,0
1821,200,80,94,1
258,200,53,58,0
1680,503,20,84,1
540,200,10,53,0
487,200,27,72,0
1689,200,23,69,1
360,200,62,14,0
1929,200,82,68,1
1758,200,17,87,1
466,200,40,46,0
793,200,80,92,1
1321,200,73,97,1
1000,200,97,99,1
1736,200,98,50,1
788,503,86,96,1
1707,200,35,43,1
331,503,19,58,1
854,200,73,50,0
1105,200,20,45,0
1134,200,18,80,0
1643,200,65,81,1
828,200,52,53,0
1529,200,67,92,1
507,503,11,67,1
1974,500,52,58,1
501,200,31,22,0
1032,200,71,71,0
206,200,36,57,0
1431,200,95,37,1
1315,200,91,34,1
468,200,75,60,0
908,200,51,74,0
1160,200,20,29,0
1435,200,46,35,0
2079,200,46,31,1
1778,503,69,54,1
716,200,13,44,0
1381,200,30,36,0
378,200,72,84,0
1736,200,58,77,1
1315,503,16,69,1
1459,200,15,73,0
293,503,22,63,1
228,200,18,81,0
931,200,60,24,0
1577,200,94,60,1
1470,200,74,28,0
1721,200,60,92,1
1325,200,39,93,1
1033,200,72,20,0
1779,200,36,11,1
797,503,73,83,1
2066,200,30,64,1
841,200,73,66,0
1534,200,55,41,1
1196,200,71,21,0
2142,200,92,93,1
2500,200,32,94,1
1089,200,49,85,0
346,200,73,28,0
1462,200,89,32,1
1484,200,64,63,0
799,200,83,100,1
2215,200,40,96,1
2107,200,75,67,1
953,200,50,83,0
1126,200,35,17,0
544,200,64,13,0
1600,200,92,98,1
932,200,27,61,0
706,200,60,19,0
1969,200,98,85,1
1117,200,67,57,0
1391,200,32,64,0
2486,200,53,40,1
780,200,18,21,0
1758,200,72,27,1
388,200,89,57,1
2152,200,97,62,1
708,200,69,36,0
1024,200,52,22,0
1069,200,86,94,1
1068,200,48,100,1
998,200,27,39,0
516,200,19,55,0
1710,500,97,73,1
406,200,94,86,1
2139,200,80,33,1
1018,200,32,53,0
2349,200,40,89,1
316,200,25,18,0
1015,200,90,95,1
432,200,17,85,0
1022,200,54,40,0
1944,200,91,18,1
904,200,12,98,1
2485,200,41,57,1
939,200,94,70,1
1582,200,69,55,1
1192,200,31,36,0
1838,200,33,73,1
1187,503,60,89,1
914,503,63,81,1
272,503,13,17,1
1036,200,34,71,0
1654,200,92,11,1
1427,200,64,62,0
243,200,14,49,0
1051,200,31,12,0
826,500,76,40,1
1521,200,69,56,1
1436,200,34,84,0
442,200,33,83,0
1600,200,93,41,1
1309,200,17,67,0
2231,200,78,21,1
1204,200,33,36,0
2391,200,21,53,1
2077,200,88,16,1
2335,200,59,70,1
276,200,81,68,0
2129,200,37,50,1
1163,200,58,77,0
934,200,63,80,0
1612,200,39,31,1
2180,200,68,91,1
2235,200,42,80,1
1426,200,94,74,1
2273,200,48,10,1
1458,500,24,20,1
208,200,63,21,0
2157,200,100,59,1
1347,200,49,53,0
859,200,79,56,0
2346,200,14,92,1
1408,200,75,60,0
1808,200,69,35,1
912,200,97,43,1
500,200,65,89,0
947,200,82,27,0
164,200,68,37,0
2321,200,92,69,1
2251,200,93,48,1
1232,200,56,12,0
291,200,37,13,0
531,200,74,27,0
108,200,100,88,1
685,200,11,49,0
1306,200,65,21,0
1767,200,68,57,1
940,200,39,66,0
291,200,11,97,1
2149,200,80,57,1
1523,503,54,96,1
1331,200,74,71,0
76,200,68,75,0
513,200,28,85,0
922,200,25,55,0
1895,200,58,26,1
2326,200,98,61,1
182,200,41,58,0
469,200,50,33,0
632,200,20,18,0
976,200,36,37,0
736,200,29,51,0
291,200,59,65,0
951,200,31,74,0
939,200,36,24,0
433,200,53,14,0
601,200,11,56,0
2257,503,36,38,1
2432,200,96,63,1
2256,200,41,11,1
1430,200,43,73,0
1602,200,33,24,1
709,200,40,66,0
883,200,40,18,0
1322,200,84,87,0
583,200,91,71,1
1384,200,27,92,1
1922,200,74,88,1
63,200,24,71,0
2215,200,23,54,1
1580,200,60,11,1
963,200,94,84,1
2268,200,88,48,1
819,200,84,24,0
2103,200,44,20,1
1193,200,70,58,0
2367,200,93,52,1
575,200,78,12,0
1270,200,76,82,0
132,200,32,85,0
150,200,28,73,0
2001,200,22,20,1
919,200,33,14,0
1436,200,58,85,0
242,200,71,84,0
1932,500,22,49,1
1468,200,12,46,0
1935,500,27,14,1
339,200,88,23,1
2056,200,50,37,1
2454,200,33,56,1
2219,200,66,22,1
613,200,13,75,0
143,200,91,100,1
1059,200,42,29,0
361,200,16,64,0
668,200,22,18,0
1106,200,23,79,0
2301,200,60,72,1
2193,200,67,58,1
1870,200,72,22,1
1630,200,50,65,1
70,200,58,51,0
1603,200,79,55,1
770,200,58,87,0
70,200,78,19,0
920,200,69,17,0
1633,200,77,65,1
2433,200,46,40,1
1667,200,23,56,1
2348,200,42,12,1
2157,200,14,21,1
1194,200,40,71,0
116,200,13,49,0
444,200,94,25,1
501,200,84,60,0
1278,200,29,33,0
1600,200,32,82,1
1008,200,81,36,0
866,200,73,43,0
2105,200,45,88,1
321,200,48,45,0
2467,200,63,18,1
1596,200,50,47,1
1411,200,41,16,0
2199,200,22,89,1
531,200,11,17,0
2334,200,19,64,1
1484,200,83,82,0
2239,200,68,31,1
325,200,81,75,0
194,200,58,86,0
525,200,65,23,0
1008,200,89,36,1
1327,200,76,88,0
1952,200,15,52,1
1945,200,32,36,1
1212,200,24,97,1
587,200,13,93,1
1299,503,87,58,1
1676,200,70,73,1
876,200,71,57,0
1424,200,64,42,0
1994,200,44,84,1
1125,200,60,65,0
1281,200,63,61,0
790,200,79,95,1
2121,200,59,63,1
1703,200,23,90,1
977,200,38,90,0
1160,200,35,28,0
219,200,100,45,1
2487,200,69,45,1
2300,200,83,75,1
2403,200,39,73,1
1542,200,67,70,1
2341,200,79,37,1
287,200,46,31,0
1688,500,26,15,1
1364,200,31,42,0
153,200,79,98,1
1712,200,67,93,1
466,200,29,37,0
1947,200,95,87,1
916,200,100,96,1
2385,200,81,36,1
689,200,88,10,1
927,200,24,81,0
2470,200,60,19,1
616,200,24,67,0
210,200,48,43,0
913,200,19,25,0
717,200,98,31,1
199,200,75,85,0
834,200,74,12,0
1209,200,81,42,0
672,200,100,59,1
844,200,91,93,1
2057,500,43,84,1
1674,200,26,54,1
1856,200,71,19,1
1356,200,23,70,0
1595,200,38,31,1
315,200,18,18,0
1753,200,14,79,1
147,200,17,19,0
1039,200,61,34,0
601,200,78,87,0
1955,200,60,87,1
2020,200,29,64,1
1976,200,94,82,1
2337,200,66,42,1
2378,200,98,73,1
665,200,36,16,0
1189,200,94,45,1
417,200,79,48,0
573,200,96,11,1
2460,200,31,44,1
305,200,94,28,1
2069,200,32,48,1
336,200,40,15,0
613,200,82,89,0
437,200,55,36,0
1960,200,69,90,1
1320,200,28,10,0
1249,200,11,79,0
357,200,33,65,0
1246,200,92,29,1
2141,200,20,48,1
96,200,49,21,0
59,200,84,12,0
295,200,79,89,0
1033,200,92,60,1
1649,200,88,46,1
2376,200,87,79,1
988,200,44,11,0
890,200,57,15,0
1241,200,91,68,1
2419,200,79,24,1
1363,200,76,69,0
52,200,58,34,0
2422,200,40,45,1
2395,200,30,32,1
2062,200,38,92,1
971,200,22,43,0
619,200,58,79,0
2167,200,29,97,1
1087,200,58,100,1
2004,500,56,23,1
758,200,98,100,1
882,200,46,26,0
2165,200,36,20,1
2300,200,38,89,1
1182,500,24,75,1
2075,200,34,59,1
791,200,12,40,0
1717,500,19,100,1
170,200,67,68,0
1471,503,69,18,1
1177,200,11,11,0
2242,200,84,40,1
1321,200,80,19,0
1214,200,70,42,0
2240,200,23,90,1
2313,200,59,13,1
1413,200,44,36,0
2054,200,35,12,1
2257,200,55,45,1
2123,200,72,18,1
1620,200,47,30,1
1941,200,71,73,1
1796,200,91,67,1
1379,200,72,40,0
1086,200,61,10,0
1733,200,47,40,1
260,200,39,15,0
1366,200,31,74,0
892,200,98,81,1
417,200,17,30,0
998,200,40,17,0
1384,200,25,21,0
270,200,93,58,1
1240,200,22,85,0
352,200,45,51,0
1981,200,62,89,1
150,200,15,76,0
90,503,64,95,1
1390,200,79,63,0
627,200,49,81,0
1829,200,84,40,1
1984,200,27,49,1
350,200,61,56,0
2359,200,54,38,1
2461,200,30,45,1
301,200,75,32,0
346,200,68,61,0
1849,200,39,43,1
1394,200,38,63,0
812,200,34,58,0
488,200,97,60,1
1203,200,67,24,0
625,200,88,53,1
1402,200,27,37,0
1662,200,79,77,1
1541,200,57,30,1
545,200,64,66,0
104,200,26,17,0
1949,200,61,88,1
800,200,23,36,0
541,200,24,65,0
1522,200,86,68,1
1368,200,94,77,1
1362,200,58,27,0
654,200,63,23,0
283,200,26,21,0
506,200,35,78,0
537,200,49,77,0
1545,200,40,45,1
2294,200,85,41,1
161,200,32,95,1
1473,200,45,84,0
2156,200,62,13,1
1848,200,51,85,1
673,200,50,24,0
1858,200,98,19,1
1334,200,10,37,0
1669,200,18,15,1
2285,503,55,46,1
1455,200,94,26,1
2356,200,33,98,1
469,200,74,23,0
1077,200,98,42,1
935,200,67,77,0
928,200,20,53,0
1378,200,38,61,0
506,200,39,33,0
176,200,64,20,0
1149,200,96,90,1
2230,500,92,54,1
1289,200,31,75,0
835,200,31,34,0
2110,200,58,26,1
1389,503,16,54,1
812,200,69,15,0
2252,200,96,94,1
362,500,40,63,1
2271,200,87,92,1
2253,200,96,23,1
174,200,35,63,0
1270,500,17,64,1
1347,200,17,87,0
104,200,95,19,1
1353,200,32,59,0
173,200,19,82,0
1782,200,81,82,1
1957,200,37,43,1
628,200,74,75,0
2365,200,24,79,1
2266,503,80,81,1
1694,200,98,23,1
392,503,54,77,1
2011,200,73,20,1
1862,200,50,69,1
2065,200,61,21,1
1777,200,17,16,1
1290,200,82,49,0
1776,200,78,89,1
1578,200,95,21,1
624,200,40,60,0
2217,200,49,78,1
2349,200,41,77,1
1915,200,18,83,1
192,200,78,71,0
1847,200,84,29,1
1896,200,92,18,1
2454,200,77,28,1
1864,200,31,56,1
727,200,81,51,0
1453,200,98,99,1
2034,200,82,95,1
1578,200,60,77,1
861,200,42,98,1
1810,200,90,26,1
2243,200,26,68,1
2097,200,36,100,1
721,200,60,14,0
2302,200,54,25,1
2408,200,23,66,1
2142,200,19,34,1
316,200,50,97,1
121,200,100,29,1
1441,200,72,54,0
683,200,16,100,1
88,200,57,90,0
1154,200,28,85,0
786,200,75,95,1
1013,200,94,16,1
1227,200,48,36,0
97,200,33,32,0
2302,200,81,95,1
310,200,89,67,1
1908,200,82,89,1
1694,200,46,71,1
1760,200,72,72,1
1013,200,58,15,0
2146,200,72,58,1
1806,200,67,50,1
1854,200,77,24,1
2129,200,41,52,1
1801,200,27,34,1
1859,503,84,81,1
1381,200,24,22,0
584,200,88,55,1
1612,200,49,31,1
981,200,90,70,1
1975,200,62,81,1
934,200,80,60,0
1279,200,27,27,0
1408,200,91,45,1
2332,200,60,26,1
1625,200,60,86,1
2478,200,76,57,1
1614,200,95,57,1
1440,200,26,68,0
355,200,54,61,0
2495,200,17,22,1
1344,200,65,14,0
2313,200,99,96,1
2097,200,22,55,1
2369,200,100,21,1
1044,200,23,35,0
2218,200,79,19,1
2038,200,44,21,1
1929,200,81,28,1
1076,200,59,97,1
378,200,71,47,0
2192,200,23,74,1
1181,200,71,13,0
273,200,42,58,0
530,200,24,78,0
238,200,27,52,0
2085,200,35,45,1
495,200,25,10,0
836,200,38,13,0
1850,200,51,26,1
1347,200,76,94,1
833,200,14,89,0
1930,200,57,70,1
897,200,46,72,0
2407,200,24,43,1
926,200,58,18,0
1874,200,57,17,1
854,200,21,19,0
2016,200,73,90,1
1903,503,40,89,1
293,200,95,31,1
712,200,87,41,1
997,200,75,18,0
817,200,89,17,1
2374,200,15,84,1
1740,200,37,50,1
153,200,68,25,0
1286,200,14,94,1
1721,200,77,78,1
660,200,23,35,0
924,200,41,63,0
1366,200,82,88,0
1557,200,33,82,1
2391,200,60,63,1
2197,200,79,37,1
1056,200,44,70,0
1027,200,51,12,0
1930,200,98,44,1
1100,200,52,34,0
2405,200,94,11,1
1522,200,57,71,1
815,200,34,40,0
683,200,84,87,0
1629,200,48,37,1
1475,200,59,94,1
1641,200,81,99,1
1725,200,23,64,1
568,200,25,56,0
2172,200,93,77,1
162,200,99,44,1
299,200,10,87,0
2427,200,12,94,1
2339,200,10,43,1
1911,200,55,62,1
129,200,88,49,1
1427,200,44,86,0
1901,200,30,90,1
643,200,98,50,1
1895,200,33,61,1
2040,200,57,37,1
782,200,74,28,0
121,200,71,16,0
347,200,76,21,0
1647,200,68,32,1
1418,200,82,62,0
1430,200,56,92,1
868,200,82,53,0
1881,200,58,97,1
1466,200,83,78,0
1919,200,82,69,1
1776,200,62,77,1
1777,503,82,44,1
2369,200,92,56,1
1159,200,57,15,0
491,200,21,27,0
1715,200,86,59,1
539,200,16,91,1
632,200,35,63,0
1717,200,83,12,1
697,200,49,94,1
1081,200,53,71,0
1873,200,12,62,1
2325,503,35,82,1
2436,200,99,70,1
915,200,94,44,1
252,200,18,96,1
1176,200,32,97,1
1966,200,34,11,1
1826,200,61,28,1
820,200,19,90,0
1183,200,81,78,0
929,200,86,82,1
114,200,80,65,0
1584,200,19,98,1
858,200,83,37,0
503,200,23,45,0
93,200,11,54,0
2149,200,41,59,1
2416,500,88,17,1
1257,200,16,77,0
2131,200,60,40,1
1673,200,79,57,1
1497,200,81,94,1
1500,503,89,68,1
90,200,61,76,0
433,200,80,93,1
2053,200,15,70,1
1439,200,68,64,0
2383,200,77,47,1
1230,200,10,37,0
2495,200,19,10,1
448,200,81,91,1
2376,200,66,57,1
1768,200,36,35,1
285,200,64,45,0
806,200,52,26,0
1313,200,16,52,0
1293,200,49,56,0
75,200,77,63,0
1695,200,11,46,1
1488,200,16,66,0
1078,200,56,88,0
2266,200,26,19,1
2110,200,88,99,1
1982,200,24,49,1
2495,200,54,62,1
2050,200,44,17,1
1518,503,22,77,1
512,200,62,48,0
2346,200,82,90,1
998,200,32,33,0
2156,200,45,41,1
1462,200,52,47,0
417,200,31,79,0
540,200,94,38,1
239,503,91,52,1
1383,200,76,94,1
2162,200,38,50,1
2177,503,24,66,1
2349,200,66,55,1
1021,200,72,91,1
1254,200,72,43,0
1975,200,82,57,1
1080,200,88,73,1
591,200,53,52,0
725,503,92,57,1
1370,200,92,99,1
423,200,63,100,1
871,200,61,96,1
1618,200,50,77,1
1403,200,81,34,0
863,503,34,51,1
2087,200,40,70,1
121,200,76,26,0
594,200,26,82,0
1286,200,31,37,0
705,200,40,91,1
2269,200,83,26,1
1412,200,28,52,0
1846,200,23,97,1
1350,200,35,84,0
1051,200,85,31,0
408,200,79,45,0
1421,200,22,30,0
813,200,61,14,0
155,200,90,39,1
367,200,44,72,0
2219,200,88,93,1
1384,200,28,47,0
538,200,97,32,1
2244,200,71,60,1
2370,200,27,34,1
1420,200,48,53,0
2071,200,74,89,1
497,200,98,72,1
795,200,14,92,1
885,200,91,47,1
930,200,23,23,0
788,200,55,16,0
1732,200,14,38,1
1100,200,40,10,0
115,200,68,54,0
1615,200,14,72,1
853,200,63,95,1
552,200,99,36,1
1807,200,40,13,1
2151,200,37,60,1
629,200,76,96,1
1453,200,61,72,0
1888,200,69,74,1
1554,200,24,79,1
2045,200,58,46,1
1953,200,75,74,1
732,200,60,89,0
2165,200,64,90,1
1272,200,36,56,0
2183,200,25,45,1
2397,200,38,93,1
1465,200,19,76,0
202,200,98,12,1
530,200,44,26,0
1825,200,78,48,1
724,200,48,41,0
1933,200,88,12,1
2352,200,52,57,1
719,200,84,51,0
279,500,54,69,1
193,200,26,90,0
194,200,46,80,0
2299,200,31,39,1
75,200,79,32,0
208,200,79,87,0
1108,200,14,67,0
1277,200,16,69,0
1815,200,24,76,1
2455,503,27,92,1
2098,200,37,48,1
866,503,74,31,1
2319,200,81,89,1
1584,200,50,47,1
2074,200,99,45,1
1777,200,48,15,1
1771,200,65,41,1
1561,200,45,40,1
865,200,13,10,0
1867,200,18,32,1
1851,200,80,17,1
583,200,17,20,0
1029,200,26,65,0
640,200,84,50,0
224,200,42,82,0
977,200,89,17,1
2106,200,60,60,1
223,200,46,40,0
1900,200,57,44,1
2286,200,84,95,1
72,200,23,35,0
2197,200,71,15,1
1066,200,31,83,0
1777,503,57,56,1
967,200,71,82,0
1229,200,46,19,0
569,200,59,16,0
2459,200,91,35,1
2398,200,95,56,1
1060,200,27,81,0
122,200,76,34,0
1150,200,92,20,1
776,200,77,27,0
2056,200,49,88,1
1106,200,82,43,0
1882,200,38,70,1
765,200,85,74,0
583,200,52,62,0
85,200,14,26,0
180,200,46,52,0
1789,200,56,56,1
439,200,25,43,0
715,200,45,69,0
2041,200,99,87,1
1368,200,31,83,0
83,200,18,53,0
979,200,37,56,0
2110,200,62,92,1
197,503,23,48,1
105,200,71,41,0
1333,200,41,80,0
805,200,53,69,0
860,200,95,59,1
730,200,54,75,0
1331,200,40,62,0
653,200,71,69,0
1550,200,22,70,1
117,200,51,72,0
1962,200,13,76,1
2470,200,86,25,1
636,200,27,30,0
127,200,27,75,0
1800,200,30,94,1
1426,200,75,52,0
1663,200,42,15,1
938,200,45,49,0
895,200,35,25,0
2227,200,55,79,1
2471,200,11,67,1
250,200,65,40,0
1537,200,14,60,1
758,503,58,35,1
1623,200,50,33,1
2099,200,80,70,1
1044,200,86,16,1
1673,200,27,92,1
2289,500,40,81,1
241,200,68,51,0
827,200,72,31,0
754,200,20,79,0
1691,503,96,44,1
1087,200,49,35,0
774,200,90,56,1
636,200,41,66,0
743,200,10,46,0
901,200,100,82,1
979,200,91,21,1
2098,200,24,38,1
2376,200,36,54,1
1096,200,69,40,0
867,200,62,33,0
1288,503,83,49,1
655,200,61,20,0
1552,200,73,59,1
1714,200,59,60,1
465,200,98,44,1
2198,200,21,46,1
644,200,51,99,1
1183,200,13,23,0
795,200,54,54,0
2311,200,58,63,1
1896,200,55,24,1
913,200,18,12,0
2009,200,12,60,1
411,200,28,86,0
1235,200,98,96,1
1952,200,14,22,1
1493,200,66,32,0
529,200,89,62,1
658,200,18,10,0
942,200,49,82,0
313,500,76,97,1
768,200,19,38,0
2339,200,44,69,1
2104,200,25,76,1
872,503,17,59,1
1838,200,30,35,1
459,200,12,13,0
619,200,51,74,0
628,200,12,26,0
422,200,48,56,0
2352,200,69,67,1
368,200,20,11,0
565,200,16,59,0
2096,200,36,18,1
1399,200,57,90,0
267,200,60,42,0
1230,200,44,29,0
939,200,18,43,0
1997,200,92,91,1
2414,200,90,78,1
1754,200,71,51,1
1781,200,72,30,1
1393,200,24,37,0
2197,500,77,69,1
736,200,46,22,0
349,200,94,52,1
1604,200,42,18,1
895,200,29,79,0
956,200,43,80,0
417,200,96,81,1
2452,200,10,70,1
2316,200,22,18,1
1055,200,89,62,1
2333,200,56,12,1
1653,500,38,21,1
627,200,45,20,0
1113,200,76,94,1
244,200,98,14,1
1644,200,23,21,1
2176,200,32,62,1
210,200,69,68,0
1355,200,38,44,0
667,200,45,85,0
850,200,10,94,1
1529,200,63,15,1
1449,200,100,20,1
2390,200,96,89,1
1226,200,39,37,0
1921,200,19,51,1
972,200,82,83,0
1173,200,39,40,0
533,200,13,41,0
660,200,88,74,1
919,200,32,74,0
1595,200,35,75,1
75,200,62,51,0
1738,200,28,88,1
1897,200,34,85,1
2389,200,68,16,1
614,200,51,89,0
481,200,91,47,1
1217,200,14,87,0
223,200,95,37,1
301,200,17,65,0
857,500,10,27,1
1310,200,99,89,1
1125,200,30,15,0
313,200,94,71,1
101,200,91,85,1
1715,503,41,45,1
2365,200,87,77,1
1303,200,50,54,0
272,200,66,90,0
1574,200,73,72,1
979,500,14,41,1
1180,200,89,57,1
2243,200,94,16,1
1182,200,56,95,1
1795,200,96,94,1
85,200,88,48,1
988,200,99,43,1
1062,200,62,27,0
1967,200,13,40,1
396,200,10,72,0
370,200,98,71,1
1304,503,55,92,1
457,200,11,55,0
2250,200,85,17,1
2307,200,77,92,1
890,200,85,35,0
249,200,75,24,0
808,200,93,48,1
1045,200,12,22,0
233,200,90,97,1
1327,200,19,52,0
2340,200,82,24,1
697,503,79,39,1
1595,200,84,60,1
1397,200,73,89,0
2193,200,87,73,1
1739,200,93,15,1
2285,200,17,83,1
741,200,11,38,0
445,200,72,75,0
2287,200,78,67,1
1874,200,14,18,1
1154,200,73,84,0
950,200,99,13,1
50,500,93,66,1
2174,200,52,93,1
2332,200,92,76,1
501,200,19,59,0
177,200,61,71,0
1125,200,73,32,0
1714,200,11,65,1
166,200,77,32,0
937,200,82,14,0
339,200,43,97,1
1018,200,57,65,0
1226,200,80,20,0
1786,200,26,98,1
2187,200,12,64,1
244,500,16,72,1
1015,200,31,35,0
1498,200,18,70,0
2166,200,32,83,1
1945,200,22,70,1
2106,200,84,75,1
722,200,68,46,0
1764,200,85,48,1
1904,200,36,81,1
2483,200,43,64,1
1763,200,42,83,1
1416,200,56,83,0
2058,200,20,48,1
1617,200,81,18,1
1575,200,32,62,1
972,200,33,88,0
1023,200,59,23,0
571,200,79,28,0
260,200,34,80,0
1448,200,95,24,1
1183,200,49,32,0
2478,200,35,100,1
2465,200,25,32,1
1008,200,48,71,0
613,200,88,38,1
423,200,13,10,0
1529,200,76,98,1
1940,200,26,62,1
581,200,15,38,0
546,200,46,34,0
2264,200,99,44,1
2085,200,44,71,1
2083,200,63,68,1
2214,200,32,62,1
895,200,96,35,1
1102,200,66,41,0
1745,200,76,11,1
733,503,73,68,1
1068,200,100,53,1
1644,200,86,29,1
1676,200,44,74,1
977,200,16,19,0
2313,200,68,12,1
2437,200,59,25,1
446,200,85,86,0
1128,200,51,51,0
1150,200,27,19,0
289,500,11,51,1
222,200,58,96,1
1403,200,90,30,1
1330,200,11,28,0
2204,200,23,55,1
820,200,97,46,1
660,200,58,30,0
1203,200,61,59,0
1770,200,10,19,1
1006,200,89,79,1
2378,200,15,20,1
257,200,70,97,1
1174,200,72,53,0
1403,200,94,37,1
1940,200,49,28,1
1059,200,45,67,0
2268,200,15,12,1
2018,200,97,78,1
919,200,20,42,0
623,200,49,46,0
2486,200,99,38,1
1709,200,21,66,1
1530,200,84,34,1
913,200,67,44,0
1098,200,85,71,0
1018,503,46,87,1
891,200,63,88,0
1935,200,72,71,1
191,200,23,27,0
1645,200,11,80,1
1153,200,48,99,1
2361,200,23,61,1
2212,200,14,33,1
931,200,78,50,0
1316,200,23,73,0
784,200,25,37,0
2398,200,82,80,1
1272,200,25,21,0
2335,200,89,79,1
1269,200,31,42,0
1167,200,29,29,0
2301,503,30,29,1
438,200,49,31,0
1837,200,46,22,1
2048,200,32,50,1
1133,200,57,11,0
2200,200,41,89,1
1653,200,31,28,1
944,200,71,25,0
108,200,26,36,0
1453,503,58,74,1
2073,500,53,32,1
2451,200,60,47,1
1403,200,72,61,0
2084,200,73,69,1
2124,200,97,42,1
2453,200,20,21,1
1914,200,18,65,1
598,200,99,18,1
1959,200,83,85,1
391,200,27,34,0
823,200,37,54,0
638,200,29,34,0
238,200,52,35,0
1598,200,48,73,1
1626,200,83,32,1
176,200,17,17,0
1878,200,19,20,1
1151,200,33,45,0
902,200,58,57,0
68,200,45,12,0
252,200,32,65,0
707,200,17,30,0
1731,500,22,20,1
455,200,29,28,0
1707,200,75,13,1
252,200,53,75,0
973,200,19,76,0
1300,200,65,78,0
791,200,55,73,0
753,503,24,61,1
592,500,66,78,1
1728,200,67,35,1
1049,200,52,39,0
70,200,43,42,0
1023,200,69,24,0
648,200,45,99,1
2107,200,58,25,1
2403,200,41,72,1
111,200,48,15,0
1905,200,71,55,1
1706,200,63,46,1
2277,200,55,25,1
1783,200,56,25,1
138,200,70,89,0
216,200,46,71,0
2417,200,21,18,1
1311,200,26,78,0
409,200,37,95,1
1894,200,66,13,1
473,200,34,67,0
2004,200,99,45,1
825,200,16,62,0
1030,200,24,84,0
467,200,40,85,0
1110,200,39,33,0
1967,200,62,86,1
1083,200,100,65,1
1622,200,98,21,1
1629,503,18,78,1
1368,200,23,99,1
532,200,83,91,1
1054,200,24,82,0
1796,200,63,11,1
2342,200,92,71,1
1190,200,99,85,1
2337,200,90,56,1
737,200,20,29,0
1573,200,43,45,1
878,200,93,70,1
2110,200,51,14,1
2009,200,99,45,1
2352,200,91,78,1
2195,200,74,62,1
773,200,63,34,0
2042,200,16,60,1
1067,200,24,59,0
478,200,54,81,0
1090,200,73,97,1
1716,200,100,81,1
1372,200,99,61,1
1118,200,53,26,0
1061,200,73,54,0
1452,200,85,82,0
2101,200,70,26,1
2041,200,91,41,1
800,200,12,63,0
928,200,70,11,0
1494,200,51,21,0
1589,200,11,89,1
2455,200,85,81,1
433,200,55,87,0
534,200,63,63,0
940,200,97,49,1
77,200,58,32,0
2453,500,33,89,1
948,200,88,82,1
2071,503,62,69,1
350,200,34,84,0
189,500,35,36,1
715,200,58,44,0
1536,200,65,19,1
277,200,54,55,0
158,200,44,20,0
765,200,99,73,1
2090,500,62,49,1
2354,200,51,92,1
410,200,67,19,0
1107,200,19,12,0
1971,200,28,76,1
2247,200,16,29,1
1376,200,64,96,1
174,200,96,97,1
1311,200,26,97,1
589,200,26,56,0
1122,200,96,75,1
2227,200,90,74,1
196,200,33,12,0
971,200,27,96,1
2303,200,82,29,1
1300,200,35,80,0
626,200,24,53,0
1313,200,18,48,0
651,200,16,84,0
424,200,63,21,0
1753,200,77,60,1
219,200,74,49,0
594,200,37,87,0
1390,200,90,86,1
1194,500,35,83,1
368,200,92,85,1
1604,200,70,56,1
2235,200,51,84,1
380,200,51,45,0
721,200,12,89,0
777,200,10,77,0
136,200,41,60,0
63,200,65,66,0
2168,200,93,34,1
1948,200,79,60,1
2497,200,49,93,1
1431,200,34,65,0
2339,200,27,16,1
2234,200,59,52,1
626,200,63,37,0
81,503,16,58,1
1400,200,89,25,1
1817,200,31,78,1
1369,200,80,68,0
852,200,50,12,0
1457,200,73,100,1
2130,200,70,65,1
1373,200,45,100,1
2249,200,72,15,1
628,200,64,79,0
1431,200,16,54,0
2104,200,96,61,1
1831,200,79,89,1
389,200,97,75,1
758,200,22,76,0
778,200,94,32,1
478,200,32,27,0
155,200,87,47,1
1971,200,35,33,1
905,200,27,21,0
2285,200,41,62,1
1876,200,83,42,1
832,200,13,43,0
1433,200,100,78,1
2094,200,67,99,1
2145,200,36,83,1
1486,200,51,51,0
137,200,60,85,0
1633,200,14,51,1
1011,200,45,36,0
805,200,27,24,0
770,200,74,30,0
426,200,62,99,1
879,503,100,77,1
168,200,54,94,1
1500,200,18,50,0
498,200,69,71,0
312,200,63,59,0
2479,200,49,54,1
672,200,58,50,0
1763,200,74,23,1
1545,200,63,86,1
600,200,61,87,0
1653,200,97,25,1
896,200,15,42,0
233,200,42,13,0
1390,500,39,10,1
1826,200,76,99,1
804,200,18,22,0
2437,200,56,61,1
1078,503,53,100,1
901,200,91,88,1
2470,200,16,26,1
455,200,62,77,0
2089,200,11,56,1
1062,503,34,56,1
2427,200,46,93,1
2361,200,78,22,1
1497,200,44,17,0
1170,200,81,68,0
2082,200,81,61,1
625,200,83,46,0
2200,200,31,56,1
1422,200,78,74,0
235,200,86,90,1
189,503,11,24,1
2247,200,34,47,1
725,200,68,78,0
1667,200,45,14,1
242,200,48,30,0
1544,200,66,38,1
1035,200,81,41,0
2409,200,44,100,1
1899,200,10,16,1
286,200,19,55,0
833,200,20,29,0
1115,200,82,16,0
510,500,75,31,1
723,200,19,83,0
1905,200,39,59,1
2486,200,42,76,1
2407,200,87,28,1
908,200,46,76,0
361,200,41,54,0
71,200,84,100,1
2146,200,99,95,1
1028,200,38,74,0
465,200,60,67,0
1087,200,65,14,0
2438,200,77,67,1
1920,200,74,46,1
456,200,79,80,0
2200,200,35,93,1
1557,200,26,40,1
863,200,17,14,0
1523,200,10,84,1
932,200,60,53,0
1685,200,38,80,1
936,200,56,53,0
179,200,52,33,0
1997,200,85,22,1
2113,200,91,45,1
1446,200,40,21,0
1329,200,61,81,0
951,503,82,59,1
1880,200,91,53,1
564,200,50,61,0
260,200,35,12,0
560,200,47,67,0
876,200,59,39,0
1463,200,77,60,0
1329,200,26,49,0
1334,200,89,90,1
793,200,40,30,0
640,200,21,50,0
1392,200,15,16,0
1653,200,23,18,1
2481,200,11,50,1
919,200,80,32,0
2125,200,41,65,1
2287,200,69,14,1
139,200,55,92,1
354,200,26,49,0
404,503,51,67,1
2017,200,93,47,1
1368,200,95,87,1
1027,200,20,33,0
691,200,27,44,0
1438,200,62,34,0
2255,200,98,68,1
674,200,59,69,0
1454,200,22,52,0
1299,200,27,91,1
233,200,46,58,0
2055,200,17,21,1
2440,200,56,60,1
293,200,47,10,0
1670,200,16,75,1
390,200,29,51,0
784,200,97,88,1
1101,200,35,27,0
655,500,15,90,1
784,200,38,19,0
1732,200,53,40,1
1354,200,20,26,0
1089,200,12,49,0
1388,200,70,40,0
143,200,94,76,1
1675,200,13,89,1
1197,200,45,37,0
2252,500,92,88,1
1059,200,73,43,0
580,200,54,68,0
1436,200,51,77,0
1308,200,87,62,1
1702,200,92,20,1
1327,200,62,42,0
279,200,67,37,0
549,200,89,60,1
254,200,16,32,0
1982,200,67,93,1
2187,200,71,28,1
2452,200,54,62,1
954,200,74,68,0
2147,503,28,70,1
1517,200,24,50,1
2007,200,19,25,1
536,200,39,25,0
1884,200,45,76,1
1923,200,46,26,1
1093,200,34,74,0
1229,200,25,53,0
1640,200,96,96,1
954,200,15,56,0
793,200,20,14,0
1638,200,39,14,1
1431,200,94,39,1
413,200,90,41,1
988,200,75,56,0
1394,200,84,55,0
1345,200,62,64,0
1100,200,96,73,1
892,200,66,88,0
2030,200,54,25,1
583,200,15,55,0
860,200,27,15,0
1881,200,67,51,1
2413,200,48,67,1
578,200,62,82,0
354,200,41,27,0
1168,200,12,37,0
1319,200,74,77,0
185,200,48,11,0
2028,200,86,24,1
565,200,14,80,0
1288,200,46,45,0
1759,200,93,13,1
178,200,73,60,0
728,200,41,83,0
303,200,53,96,1
2042,200,12,47,1
1964,200,44,72,1
1923,200,69,26,1
930,200,82,56,0
783,200,83,28,0
695,200,11,37,0
1023,200,29,41,0
164,200,15,96,1
2498,200,59,99,1
1992,200,33,25,1
921,200,98,87,1
1630,503,53,54,1
1025,200,42,55,0
1527,200,21,43,1
559,200,78,62,0
76,200,53,10,0
987,200,39,10,0
701,200,92,74,1
120,200,63,70,0
575,200,19,64,0
922,200,14,17,0
2205,200,42,70,1
268,200,32,60,0
939,200,46,61,0
87,200,29,85,0
662,200,49,13,0
1520,200,78,24,1
656,200,57,87,0
956,200,78,50,0
2442,200,67,14,1
1894,200,87,70,1
1288,200,84,66,0
480,200,72,24,0
329,200,25,22,0
1299,200,35,55,0
1506,503,74,35,1
1665,200,93,21,1
567,200,28,81,0
1249,200,77,91,1
419,200,37,20,0
1569,200,95,11,1
144,200,47,93,1
1856,200,22,78,1
1837,200,72,48,1
660,200,89,69,1
887,200,60,20,0
1362,200,52,76,0
736,200,19,41,0
1074,200,95,65,1
1885,200,12,28,1
1699,200,12,41,1
1892,200,37,21,1
584,500,39,67,1
2163,503,64,30,1
2065,200,44,54,1
1415,200,13,74,0
1294,200,53,19,0
1392,200,91,70,1
1542,200,99,22,1
1938,200,92,10,1
613,200,57,74,0
2346,200,65,90,1
162,200,49,32,0
717,500,43,23,1
897,200,97,82,1
2061,200,59,20,1
334,200,90,81,1
601,200,45,18,0
1769,200,16,43,1
870,200,63,18,0
2311,200,76,37,1
1807,200,20,60,1
502,200,88,85,1
651,200,73,87,0
1384,503,52,78,1
329,200,87,52,1
1674,200,26,47,1
2207,200,78,81,1
1877,200,92,24,1
1265,200,22,73,0
2127,200,38,66,1
1318,200,24,24,0
579,200,10,15,0
598,200,36,96,1
893,503,78,72,1
1938,200,79,28,1
1615,200,90,37,1
1177,503,64,94,1
722,200,77,58,0
704,503,28,84,1
1145,200,36,96,1
432,200,33,27,0
1058,200,23,17,0
910,200,49,84,0
2005,200,29,84,1
1248,200,39,85,0
1855,200,99,46,1
740,200,85,41,0
140,200,26,47,0
286,200,79,81,0
1959,200,37,94,1
1331,200,36,35,0
2336,200,98,72,1
493,200,56,15,0
893,200,42,31,0
574,200,61,88,0
859,200,38,16,0
2198,200,66,89,1
2292,200,90,88,1
1618,200,89,51,1
864,200,18,32,0
590,200,18,55,0
2326,200,61,73,1
812,200,76,40,0
2277,200,87,57,1
1610,200,32,89,1
2477,200,34,77,1
969,200,60,17,0
1477,200,35,84,0
1426,200,97,44,1
675,503,64,38,1
2376,200,11,13,1
978,200,94,57,1
1572,200,69,93,1
1749,200,97,21,1
1566,200,95,61,1
1742,200,21,10,1
191,200,81,11,0
54,200,83,84,0
1163,200,45,92,1
160,200,33,68,0
1235,200,58,78,0
385,200,59,15,0
654,200,16,73,0
2074,200,63,28,1
2038,200,82,92,1
1336,200,89,31,1
1033,200,58,29,0
2085,200,87,23,1
2337,200,20,44,1
860,200,82,18,0
383,200,76,79,0
792,200,73,58,0
2043,200,84,38,1
1878,200,20,95,1
2071,200,34,15,1
2144,200,22,53,1
926,200,14,15,0
2391,200,25,25,1
1140,200,76,96,1
454,500,100,78,1
508,503,99,56,1
285,503,25,30,1
1879,200,31,39,1
393,500,34,51,1
1653,200,16,11,1
2305,200,54,23,1
739,200,19,97,1
420,200,49,54,0
1598,200,40,39,1
92,200,87,95,1
599,200,55,11,0
737,200,86,66,1
2052,200,69,89,1
197,200,74,11,0
944,503,12,59,1
609,200,69,33,0
75,200,26,82,0
1979,200,50,44,1
2211,200,54,33,1
2328,200,73,63,1
688,200,99,27,1
229,200,17,100,1
1111,200,57,83,0
266,200,17,13,0
1399,200,72,75,0
2268,500,97,35,1
572,200,72,21,0
746,200,73,29,0
213,200,51,60,0
623,200,20,70,0
192,200,13,74,0
2407,200,61,21,1
1445,200,36,69,0
303,200,58,14,0
1476,200,73,98,1
2232,200,71,58,1
1650,200,38,54,1
97,200,92,18,1
1509,200,52,15,1
1036,200,67,72,0
730,200,66,30,0
980,200,62,84,0
1348,200,77,38,0
1996,200,12,83,1
2366,200,82,100,1
1936,200,89,26,1
1972,200,24,70,1
744,200,15,47,0
2425,200,12,61,1
1254,200,92,54,1
1178,200,61,97,1
498,200,72,83,0
1136,200,25,50,0
187,200,84,44,0
2216,200,99,68,1
251,200,91,48,1
1449,200,64,12,0
2467,200,97,77,1
1412,200,77,14,0
1606,200,85,58,1
2102,200,44,63,1
1036,200,23,88,0
2024,200,69,69,1
1559,200,57,15,1
786,200,63,42,0
87,200,43,34,0
429,200,11,46,0
2135,500,11,63,1
1708,200,59,57,1
675,200,31,12,0
2306,200,35,27,1
1793,200,50,95,1
2099,200,93,78,1
656,200,54,63,0
2365,500,18,43,1
393,200,48,28,0
1605,200,43,55,1
266,200,11,49,0
2361,200,92,27,1
502,200,50,39,0
2426,200,36,76,1
1628,200,26,73,1
2137,200,89,18,1
1512,200,88,58,1
235,200,12,45,0
2234,200,15,25,1
1489,200,23,40,0
1835,200,74,21,1
305,200,92,94,1
1188,200,91,22,1
1488,200,17,60,0
733,200,27,36,0
1479,200,30,60,0
153,200,78,100,1
2353,200,66,28,1
216,200,47,82,0
1116,200,42,60,0
1834,200,59,59,1
580,200,19,74,0
1604,200,50,33,1
272,200,10,71,0
2140,500,10,69,1
1587,200,18,56,1
1571,200,54,17,1
2240,200,20,76,1
1382,200,29,60,0
1596,200,46,27,1
2106,200,20,40,1
2124,200,41,36,1
1832,200,38,20,1
2205,200,24,29,1
855,200,21,75,0
1501,503,61,25,1
695,200,18,94,1
89,200,18,44,0
1098,200,79,81,0
59,200,71,12,0
2467,200,63,90,1
1174,200,32,33,0
804,200,32,11,0
960,200,65,33,0
1624,200,31,49,1
135,200,49,31,0
2415,200,33,90,1
1993,200,82,94,1
876,200,40,61,0
1957,200,64,49,1
2142,503,23,46,1
1627,200,41,69,1
720,200,63,27,0
283,200,27,19,0
1352,200,77,11,0
637,200,76,48,0
1984,200,87,30,1
753,200,94,42,1
633,200,85,74,0
1641,200,24,53,1
737,200,22,83,0
267,200,71,99,1
1232,200,12,29,0
510,200,66,66,0
881,200,44,36,0
2347,200,50,58,1
372,200,41,58,0
1421,200,53,12,0
2114,200,30,77,1
457,200,43,33,0
1993,200,29,79,1
721,200,39,24,0
161,200,22,85,0
792,200,51,45,0
1481,200,13,41,0
2481,200,39,29,1
1604,200,28,35,1
286,200,98,90,1
1976,200,76,75,1
2477,200,75,87,1
2400,200,88,83,1
884,200,76,40,0
1564,200,94,71,1
2313,503,42,72,1
348,200,45,71,0
1133,200,80,98,1
2301,200,10,93,1
850,200,83,35,0
1750,200,30,64,1
1364,200,52,75,0
1171,200,17,14,0
1534,200,23,15,1
1019,200,33,30,0
1463,200,97,31,1
1748,200,91,37,1
848,200,76,91,1
2399,200,81,76,1
2241,200,56,35,1
1682,200,94,23,1
261,200,54,49,0
167,200,65,71,0
239,200,18,34,0
168,200,27,27,0
1418,200,96,22,1
892,200,34,74,0
1264,200,87,59,1
1307,500,17,10,1
1024,200,97,70,1
1200,200,14,95,1
1455,200,98,97,1
2125,200,10,99,1
1775,200,90,95,1
563,200,61,53,0
159,200,32,61,0
712,200,92,51,1
2114,500,86,36,1
532,200,38,33,0
2004,200,60,10,1
933,200,73,40,0
2147,200,26,45,1
1585,200,80,47,1
588,200,61,41,0
122,200,61,11,0
414,200,18,87,0
1679,200,17,48,1
71,200,38,93,1
1516,200,42,97,1
1630,503,78,89,1
2419,200,22,87,1
436,200,42,21,0
1570,200,80,50,1
728,200,89,19,1
1072,200,70,100,1
1573,200,89,57,1
1579,200,23,38,1
364,200,63,88,0
588,200,60,50,0
101,200,73,66,0
1944,200,73,26,1
1679,200,37,73,1
1895,200,18,25,1
2261,200,22,79,1
160,200,68,69,0
966,200,58,86,0
2287,200,27,20,1
1983,200,36,15,1
913,200,52,92,1
1413,200,98,64,1
1058,200,11,61,0
480,200,12,75,0
276,200,33,80,0
83,200,73,93,1
1572,200,97,33,1
1285,200,35,81,0
130,200,85,35,0
972,200,32,24,0
2486,200,57,17,1
1053,200,78,84,0
1340,200,61,89,0
1432,200,84,92,1
630,200,58,49,0
73,200,47,52,0
1827,200,75,44,1
1431,200,66,79,0
1504,500,92,89,1
1713,200,44,56,1
1596,200,32,76,1
204,200,43,34,0
289,200,26,31,0
1285,200,24,29,0
926,200,37,93,1
1230,200,38,43,0
2173,200,99,97,1
1491,200,20,62,0
1251,503,66,61,1
1588,200,21,57,1
1354,200,91,59,1
502,200,23,37,0
723,200,55,80,0
2426,500,57,45,1
658,200,62,82,0
123,200,91,39,1
1364,200,18,25,0
1231,200,34,61,0
782,200,81,60,0
1927,200,71,35,1
1389,200,100,75,1
136,200,18,19,0
1694,200,39,55,1
2382,200,52,16,1
1033,200,91,56,1
914,200,27,40,0
2208,200,98,40,1
854,200,44,61,0
1562,200,75,41,1
1095,200,39,20,0
215,200,52,40,0
2377,200,39,46,1
2398,200,85,31,1
630,200,77,97,1
2493,200,32,82,1
286,200,60,36,0
311,200,15,23,0
1239,200,66,93,1
205,200,77,15,0
1403,200,35,54,0
1571,200,69,75,1
1626,200,51,100,1
884,200,98,60,1
1098,200,67,68,0
754,200,52,38,0
2296,200,65,33,1
1350,200,45,89,0
2070,200,11,33,1
1729,200,23,49,1
1628,200,73,20,1
74,200,99,58,1
2378,200,30,93,1
1329,200,37,49,0
713,200,32,16,0
2270,200,26,24,1
1159,200,22,43,0
1197,200,63,18,0
2228,200,72,45,1
304,200,44,77,0
346,200,70,92,1
1763,200,95,58,1
950,200,25,87,0
1477,200,52,97,1
71,200,32,46,0
2243,200,62,74,1
1155,200,45,40,0
1345,200,90,25,1
892,503,83,79,1
2480,503,11,72,1
494,200,19,41,0
1522,200,13,87,1
319,200,71,13,0
1284,200,44,64,0
113,200,59,34,0
2183,200,74,90,1
1700,200,28,77,1
805,200,62,82,0
612,200,61,14,0
197,200,99,18,1
2497,200,81,49,1
80,200,74,13,0
2032,503,74,73,1
1538,200,12,61,1
1774,200,92,33,1
1953,200,91,52,1
668,200,57,69,0
1751,200,51,73,1
558,200,60,23,0
151,200,26,85,0
609,200,84,81,0
852,200,80,60,0
1519,200,63,70,1
2478,200,66,29,1
2454,200,91,17,1
1270,200,54,71,0
2023,200,23,59,1
242,200,65,97,1
1278,200,59,53,0
1573,200,95,77,1
1025,200,52,43,0
361,200,90,89,1
853,200,57,53,0
1728,200,79,41,1
243,200,37,47,0
1462,200,21,48,0
594,200,79,63,0
777,500,43,49,1
722,200,45,77,0
891,200,38,47,0
1764,200,80,22,1
1832,200,100,42,1
1138,200,53,87,0
2212,200,10,11,1
1676,200,47,97,1
2485,200,98,89,1
387,200,43,94,1
1820,200,25,54,1
116,200,10,10,0
1138,200,37,27,0
1045,200,68,74,0
1488,200,55,84,0
619,200,31,68,0
313,200,55,27,0
2216,200,56,36,1
539,200,77,59,0
1830,200,75,39,1
1774,200,17,86,1
2473,200,31,31,1
778,200,85,74,0
2460,200,36,66,1
1909,200,88,68,1
138,200,53,27,0
277,200,93,92,1
833,200,69,77,0
532,200,96,66,1
642,200,90,47,1
54,200,12,54,0
1169,200,39,48,0
1802,200,49,54,1
1542,200,26,16,1
1106,200,94,83,1
64,200,56,79,0
196,200,84,21,0
1065,200,79,84,0
1710,200,91,16,1
1227,200,81,98,1
1915,200,62,99,1
1328,200,31,64,0
463,200,42,63,0
2489,200,22,80,1
370,200,59,33,0
805,200,61,33,0
478,200,84,44,0
969,200,40,43,0
1661,200,31,41,1
1304,200,45,29,0
164,200,82,34,0
210,200,54,87,0
1324,200,24,13,0
1169,200,26,19,0
2113,200,37,84,1
870,200,18,60,0
891,200,30,89,0
2294,200,15,17,1
560,200,19,80,0
175,200,22,42,0
2375,200,56,34,1
2146,200,47,37,1
1479,200,13,23,0
1512,200,54,78,1
1507,200,97,72,1
2338,200,69,76,1
1821,200,20,52,1
1034,200,79,26,0
1603,200,73,36,1
818,200,82,62,0
1893,200,37,21,1
110,200,70,20,0
1842,200,71,71,1
2144,200,38,57,1
1366,200,100,64,1
239,200,58,67,0
1502,200,91,94,1
246,200,67,69,0
528,200,51,76,0
453,200,98,89,1
555,200,54,81,0
2301,200,99,81,1
2265,200,33,71,1
2353,200,82,33,1
456,200,45,52,0
150,200,58,17,0
689,200,44,86,0
1401,200,87,36,1
1769,200,59,68,1
2470,200,70,19,1
2053,200,40,98,1
1749,200,39,42,1
1980,200,28,83,1
2071,200,89,43,1
387,200,62,97,1
1123,200,55,75,0
1507,200,43,13,1
1021,200,65,50,0
2410,200,100,86,1
2320,200,75,10,1
812,200,76,98,1
1327,200,66,67,0
288,200,59,81,0
540,200,87,23,1
2256,500,55,16,1
405,200,14,17,0
974,200,83,85,0
1012,200,22,47,0
1445,200,97,82,1
1703,200,45,40,1
268,200,70,65,0
1244,200,46,10,0
736,200,27,61,0
1968,200,51,67,1
1356,200,51,47,0
705,200,35,48,0
355,200,81,98,1
1648,200,53,89,1
497,200,26,61,0
1959,200,27,68,1
1849,200,36,36,1
2274,500,48,97,1
815,200,11,17,0
718,200,47,69,0
1323,200,40,70,0
1905,500,61,18,1
1202,200,37,92,1
1046,200,63,43,0
2112,200,75,38,1
67,200,36,41,0
1088,200,52,35,0
1693,200,49,23,1
1495,200,77,69,0
120,200,22,45,0
1566,200,18,36,1
724,200,24,29,0
436,200,71,45,0
1432,200,40,44,0
1227,200,98,30,1
780,200,82,94,1
233,200,38,30,0
398,200,91,88,1
2076,200,18,97,1
372,200,75,62,0
1575,200,60,74,1
691,200,23,11,0
392,200,19,97,1
2229,200,85,22,1
372,200,12,13,0
263,200,68,89,0
1481,200,29,37,0
2034,503,65,63,1
168,200,53,36,0
355,200,57,79,0
1920,200,32,87,1
406,200,23,87,0
504,200,93,84,1
1417,200,88,27,1
1817,200,84,64,1
806,200,47,10,0
945,200,80,35,0
1730,200,44,83,1
1447,200,17,19,0
786,200,95,69,1
865,200,28,78,0
2220,200,57,70,1
1412,200,35,44,0
1365,200,74,54,0
1623,200,72,21,1
1248,200,33,88,0
1254,200,65,82,0
926,200,26,94,1
2253,500,92,10,1
2379,200,74,50,1
1899,200,98,45,1
2380,200,13,42,1
1509,200,68,77,1
2282,200,22,90,1
1387,200,93,33,1
1766,200,99,98,1
2129,200,84,68,1
2415,200,49,40,1
489,200,78,65,0
2108,503,64,34,1
2040,200,96,55,1
1508,200,57,59,1
1085,200,38,59,0
1059,200,55,96,1
1396,200,57,91,1
1511,200,39,100,1
1648,200,38,35,1
511,200,26,26,0
610,200,75,16,0
210,200,47,52,0
1128,200,38,66,0
671,200,88,31,1
2204,200,88,27,1
1607,200,100,39,1
1113,200,14,59,0
845,200,72,45,0
1716,200,79,42,1
2201,200,87,40,1
1692,200,95,80,1
1917,200,93,85,1
1577,200,81,37,1
168,200,19,15,0
335,500,99,38,1
606,200,41,57,0
866,200,100,80,1
1739,200,93,97,1
2379,503,79,83,1
1136,200,86,98,1
1584,200,85,41,1
1074,200,99,80,1
1150,200,13,77,0
1018,200,82,45,0
2192,200,42,12,1
377,200,58,76,0
566,200,76,26,0
451,503,65,68,1
2442,200,41,91,1
291,200,50,72,0
1792,200,47,39,1
1181,200,45,51,0
2216,200,38,52,1
533,200,71,31,0
1394,200,54,80,0
1058,200,62,34,0
1708,200,86,94,1
1238,200,98,19,1
921,200,63,45,0
2084,200,23,87,1
957,200,89,71,1
409,503,55,77,1
1802,200,82,13,1
762,200,13,55,0
248,200,69,87,0
894,200,51,67,0
664,200,12,87,0
1807,200,77,24,1
1102,200,85,15,0
1102,503,55,50,1
340,200,96,13,1
132,200,37,38,0
1187,200,42,54,0
1179,200,68,18,0
245,500,25,30,1
1712,200,85,70,1
1399,500,98,82,1
409,200,69,72,0
673,503,81,12,1
634,200,92,87,1
1547,200,32,70,1
2399,200,54,85,1
53,200,95,80,1
763,500,44,48,1
574,200,18,11,0
1490,200,65,19,0
1400,503,73,26,1
1050,200,23,79,0
2132,200,17,59,1
1693,200,20,73,1
269,200,11,29,0
2432,200,23,86,1
222,200,55,34,0
1546,200,56,45,1
1228,200,31,79,0
650,200,94,24,1
561,200,64,98,1
1166,200,54,61,0
2126,200,97,63,1
438,200,31,93,1
715,200,85,68,0
2093,200,63,44,1
2442,200,11,83,1
496,200,96,60,1
748,200,47,40,0
347,200,33,60,0
2189,503,44,11,1
773,200,67,41,0
2328,200,54,48,1
1523,200,26,10,1
786,200,79,31,0
1580,200,86,66,1
1141,200,47,52,0
2407,200,97,43,1
146,200,14,40,0
1263,200,88,54,1
1697,200,85,14,1
519,200,67,91,1
677,200,34,99,1
1542,200,62,50,1
1977,200,45,95,1
440,200,69,65,0
394,200,17,55,0
1279,200,95,75,1
696,200,39,35,0
2164,200,73,80,1
1607,200,29,89,1
2426,200,78,82,1
2010,200,83,38,1
1266,200,78,41,0
729,200,14,62,0
364,200,71,12,0
1958,200,33,32,1
2111,200,51,94,1
2474,200,38,54,1
1581,200,17,86,1
1526,200,94,44,1
1512,200,99,100,1
1578,200,80,96,1
1230,200,70,22,0
1743,200,53,89,1
144,200,11,72,0
2135,200,85,66,1
1244,200,76,92,1
2192,200,19,47,1
646,200,70,79,0
1153,200,98,88,1
1941,503,83,36,1
1982,200,74,63,1
1393,200,17,61,0
76,200,88,99,1
1121,200,13,86,0
481,200,78,37,0
581,200,90,93,1
1405,200,64,88,0
1838,200,75,18,1
1489,200,33,57,0
2321,200,38,71,1
2367,200,22,67,1
1328,200,63,13,0
910,200,17,51,0
619,200,66,46,0
1506,200,70,72,1
727,200,60,25,0
2213,200,26,100,1
886,200,24,58,0
1897,200,68,17,1
1092,200,54,26,0
1305,200,95,61,1
1534,200,25,39,1
2468,200,83,61,1
1917,503,43,100,1
239,200,33,67,0
2162,200,91,25,1
2196,200,20,19,1
1199,200,57,70,0
1044,200,12,72,0
939,200,37,54,0
2107,200,21,59,1
1165,200,30,99,1
2062,200,29,74,1
2436,200,55,21,1
1267,200,62,19,0
1857,200,40,10,1
748,200,94,80,1
2330,200,57,63,1
2187,503,29,78,1
1474,200,78,87,0
1813,200,19,68,1
886,200,85,49,0
1107,200,57,84,0
2375,200,54,11,1
1837,200,93,12,1
1892,200,62,63,1
1128,200,83,87,0
1351,500,47,83,1
2180,200,100,39,1
1503,200,11,23,1
431,200,17,50,0
1700,200,27,87,1
285,200,27,87,0
1203,200,35,62,0
324,200,32,75,0
1879,200,59,85,1
1160,200,30,70,0
1941,200,87,11,1
2402,200,61,70,1
1811,200,41,55,1
1876,200,38,12,1
751,200,86,38,1
1895,200,48,56,1
1058,200,31,91,1
1353,200,58,58,0
519,200,19,62,0
1223,200,35,28,0
940,200,72,51,0
482,200,35,98,1
1484,200,91,23,1
992,200,47,35,0
1273,200,35,75,0
130,503,26,50,1
250,200,82,45,0
933,200,76,96,1
1908,200,75,67,1
1844,200,47,37,1
751,200,83,11,0
1462,200,61,69,0
173,200,92,44,1
1902,200,52,87,1
705,200,70,26,0
1460,200,30,20,0
839,200,93,65,1
527,200,53,99,1
2461,200,51,69,1
2396,200,65,51,1
2409,200,88,88,1
2146,200,38,25,1
2454,200,21,43,1
871,200,18,10,0
1461,200,49,65,0
1598,200,38,61,1
281,200,57,87,0
324,200,11,41,0
806,200,14,31,0
713,200,99,76,1
2109,200,16,72,1
249,503,42,26,1
844,200,76,86,0
2398,200,23,72,1
490,200,76,45,0
1493,200,44,55,0
1001,200,79,97,1
713,200,97,82,1
636,200,84,65,0
372,200,66,50,0
1496,200,14,84,0
79,200,38,47,0
1762,200,54,31,1
1534,200,38,85,1
1438,200,37,86,0
1451,200,29,25,0
168,200,64,25,0
332,200,71,27,0
95,200,90,65,1
1582,200,82,12,1
1852,200,88,55,1
2475,200,51,21,1
2187,200,80,68,1
854,200,95,45,1
2119,200,29,68,1
352,200,55,30,0
2494,200,51,46,1
1386,200,32,96,1
1740,200,43,80,1
369,200,50,44,0
516,200,49,53,0
819,200,15,46,0
794,200,46,61,0
2193,200,70,80,1
692,200,48,42,0
57,200,22,68,0
1154,200,21,99,1
244,200,51,71,0
1712,200,71,35,1
1868,500,28,21,1
636,200,64,13,0
1923,200,14,76,1
2266,200,61,19,1
2078,500,58,26,1
496,500,66,61,1
2289,200,11,70,1
728,200,43,39,0
410,200,56,95,1
1427,200,25,61,0
1114,200,24,13,0
408,200,16,45,0
250,200,76,49,0
439,200,41,100,1
1775,200,60,70,1
1019,200,53,25,0
1152,200,46,59,0
1800,200,66,43,1
1033,200,48,53,0
791,200,36,29,0
90,200,62,51,0
1241,200,93,28,1
629,200,51,33,0
1528,200,25,46,1
2343,200,64,94,1
2191,200,29,42,1
1922,500,61,30,1
207,200,19,47,0
1953,200,91,41,1
1220,200,77,44,0
1940,200,78,36,1
209,200,62,51,0
1660,200,96,11,1
1315,500,46,33,1
1429,200,95,13,1
1656,200,80,89,1
1001,200,21,64,0
1035,200,65,18,0
1134,200,36,67,0
1406,200,33,90,0
2147,200,13,81,1
1288,200,96,79,1
1190,503,67,93,1
1370,200,14,73,0
1426,200,91,13,1
2189,200,69,21,1
896,200,87,91,1
2472,200,56,61,1
1198,200,96,32,1
692,200,69,38,0
791,200,88,57,1
2107,200,86,47,1
1222,200,40,80,0
120,200,47,19,0
924,200,88,80,1
2297,200,14,58,1
1944,503,20,48,1
1265,200,75,37,0
1819,200,31,75,1
715,200,10,72,0
2319,200,96,18,1
779,200,34,44,0
1343,200,87,50,1
2315,200,44,77,1
2003,200,61,54,1
1275,200,55,99,1
350,200,88,68,1
1545,200,39,46,1
279,200,97,83,1
1227,200,69,54,0
2459,200,41,36,1
1717,200,10,46,1
940,200,62,45,0
1376,200,57,28,0
782,200,96,73,1
1586,200,84,38,1
599,200,87,63,1
86,200,98,95,1
974,200,31,99,1
922,200,94,51,1
1026,200,91,26,1
148,200,71,48,0
286,200,57,45,0
228,503,85,75,1
1132,200,21,17,0
462,200,44,29,0
1505,200,17,32,1
1005,200,38,13,0
1301,200,77,71,0
754,200,86,13,1
1265,200,17,79,0
2076,200,16,91,1
2419,200,65,88,1
1449,200,11,69,0
294,200,26,70,0
976,200,39,44,0
2464,200,91,14,1
1249,200,18,14,0
2283,200,83,90,1
2464,200,49,79,1
2499,200,45,24,1
1176,500,49,97,1
1428,200,29,34,0
247,200,49,93,1
1156,200,88,75,1
748,200,48,95,1
1767,200,28,86,1
1016,200,50,38,0
1051,200,97,73,1
1333,200,28,23,0
1364,200,33,44,0
1673,200,23,72,1
2024,200,27,17,1
325,200,34,83,0
59,200,31,12,0
1833,200,18,36,1
1316,500,94,95,1
2467,200,49,87,1
1183,200,49,27,0
221,200,10,43,0
1597,200,71,39,1
71,200,28,62,0
978,200,49,56,0
1466,500,64,15,1
2261,200,41,59,1
2183,200,67,91,1
246,200,83,49,0
2058,200,55,31,1
643,200,50,62,0
182,200,53,25,0
1162,200,53,16,0
2307,200,26,93,1
1023,200,25,79,0
1300,200,43,97,1
370,503,53,68,1
540,200,62,43,0
945,500,70,84,1
194,200,80,82,0
1117,200,61,18,0
526,200,72,73,0
896,200,30,38,0
1001,200,81,79,0
145,200,33,75,0
827,200,36,12,0
196,200,97,49,1
127,200,61,28,0
453,200,99,52,1
2402,200,67,17,1
598,200,90,69,1
394,500,45,20,1
2329,200,49,91,1
562,200,89,10,1
1798,500,59,22,1
450,200,78,28,0
1765,200,45,53,1
2184,200,28,15,1
1044,200,88,48,1
1396,503,26,97,1
1799,200,28,30,1
2070,200,46,14,1
1417,200,15,39,0
575,200,15,29,0
363,200,39,95,1
1541,200,43,47,1
1543,200,35,83,1
940,200,38,55,0
2088,200,74,31,1
406,200,39,60,0
593,200,59,52,0
554,200,78,43,0
213,200,89,97,1
1317,200,55,72,0
2009,200,89,86,1
2220,200,18,16,1
722,200,53,17,0
1009,200,24,65,0
441,200,84,66,0
1143,200,51,41,0
2283,200,25,99,1
213,200,65,37,0
547,500,75,73,1
2491,200,58,81,1
1886,200,10,64,1
1316,200,93,58,1
586,200,65,24,0
1956,503,59,15,1
686,200,36,80,0
361,200,67,60,0
493,200,85,64,0
994,200,59,22,0
314,200,75,20,0
1777,200,67,38,1
1918,200,44,12,1
318,200,98,51,1
66,200,80,93,1
2485,200,77,77,1
1151,200,41,73,0
1455,200,38,10,0
351,200,27,52,0
1698,200,42,35,1
1586,200,11,64,1
2405,200,54,61,1
2423,200,20,95,1
803,200,56,74,0
2137,200,79,86,1
177,500,32,91,1
2073,200,43,69,1
1617,200,73,67,1
1069,200,30,37,0
1383,200,45,62,0
1083,200,41,51,0
550,500,30,65,1
162,503,49,20,1
1806,200,36,78,1
1928,200,31,38,1
1374,200,75,85,0
809,200,46,58,0
566,200,22,92,1
1520,200,29,50,1
2378,200,20,69,1
1766,200,65,66,1
1872,200,91,91,1
2249,200,25,91,1
625,200,38,96,1
925,200,55,23,0
1873,200,11,41,1
2478,200,81,27,1
545,200,55,93,1
1723,200,80,27,1
1943,200,53,23,1
1068,200,32,21,0
1676,200,68,64,1
1695,200,72,52,1
63,500,41,72,1
927,200,55,63,0
2288,200,77,12,1
1863,200,13,99,1
1562,200,64,23,1
1875,200,48,61,1
961,500,29,96,1
2380,200,51,77,1
1852,200,96,84,1
1688,200,51,60,1
1399,503,53,71,1
548,200,37,71,0
1853,503,59,37,1
741,200,41,95,1
2344,200,18,73,1
2073,200,71,67,1
2087,200,14,57,1
1390,200,55,45,0
295,200,72,16,0
726,200,50,68,0
387,200,99,37,1
2316,200,77,75,1
1070,200,99,12,1
1753,200,29,68,1
1981,200,92,22,1
2416,200,59,11,1
237,200,47,62,0
408,200,86,46,1
458,200,60,34,0
791,500,94,36,1
1369,200,30,100,1
299,200,48,19,0
546,200,43,70,0
1230,200,87,83,1
1906,200,63,73,1
462,200,61,45,0
802,200,66,62,0
2360,200,44,68,1
1949,200,21,25,1
72,200,53,92,1
2311,200,22,68,1
2380,200,79,70,1
1722,200,39,90,1
2359,200,57,90,1
1942,200,69,32,1
2205,200,93,55,1
625,200,55,45,0
979,200,85,64,0
1951,200,86,26,1
2015,200,83,59,1
1350,200,61,96,1
1515,200,15,68,1
475,200,93,72,1
781,200,81,16,0
692,200,60,36,0
980,200,34,74,0
1825,200,42,16,1
225,200,25,100,1
577,200,10,98,1
690,200,62,80,0
2392,200,86,51,1
334,200,53,87,0
542,200,90,88,1
967,200,10,32,0
1196,200,13,76,0
1970,200,38,100,1
1141,200,60,59,0
1979,200,34,63,1
943,200,16,15,0
2109,200,28,77,1
862,200,72,27,0
539,200,39,44,0
1590,200,15,98,1
1966,200,30,15,1
284,503,56,39,1
1222,200,17,82,0
1692,200,23,63,1
1256,200,85,55,0
2313,200,15,96,1
970,200,11,98,1
2021,200,45,17,1
1039,200,40,73,0
818,200,99,19,1
319,200,39,57,0
1533,200,81,35,1
502,200,55,22,0
559,200,89,80,1
2170,200,86,55,1
496,200,81,57,0
1836,200,56,25,1
1495,200,68,68,0
215,200,97,31,1
517,200,66,38,0
154,200,63,17,0
1059,200,22,33,0
1607,200,33,32,1
236,200,51,51,0
489,200,43,89,0
509,200,71,78,0
570,200,94,41,1
1289,500,79,54,1
2020,200,48,82,1
2152,200,22,80,1
355,200,19,80,0
460,200,86,74,1
1048,200,89,14,1
1841,200,30,76,1
253,200,43,27,0
2362,200,91,30,1
1977,200,31,10,1
769,200,11,25,0
66,200,100,48,1
1435,200,80,99,1
611,200,67,26,0
1319,200,22,97,1
1026,200,89,27,1
683,200,99,89,1
1106,200,89,63,1
98,200,94,93,1
1228,200,36,42,0
963,200,15,91,1
2035,200,57,54,1
472,200,30,49,0
2248,503,14,99,1
1453,200,62,52,0
1660,200,99,31,1
2193,200,57,74,1
1191,500,99,53,1
548,200,86,45,1
500,200,88,47,1
486,200,39,74,0
75,200,34,22,0
973,200,38,69,0
1084,200,63,58,0
1344,200,82,62,0
1762,200,83,88,1
2250,200,14,67,1
1377,200,93,66,1
848,200,14,96,1
2288,200,53,66,1
537,503,42,17,1
2358,200,15,19,1
2168,200,46,38,1
2164,200,17,84,1
219,200,84,86,0
908,200,71,26,0
2396,200,18,53,1
687,200,68,56,0
809,200,95,23,1
1453,200,96,67,1
2057,200,15,85,1
136,200,92,81,1
1318,200,10,82,0
2446,200,79,63,1
617,200,34,59,0
367,200,27,17,0
321,200,63,14,0
844,200,33,80,0
487,200,52,98,1
1156,200,78,99,1
2104,200,83,89,1
2027,200,63,55,1
2431,200,55,17,1
339,200,20,20,0
751,200,21,93,1
703,200,69,14,0
2150,200,81,30,1
1686,200,48,94,1
1823,200,46,41,1
2238,200,68,23,1
136,200,32,32,0
1598,200,41,49,1
884,200,94,81,1
2361,200,57,60,1
1979,200,92,62,1
2330,200,17,81,1
1547,200,49,61,1
2417,200,19,65,1
925,200,27,83,0
1074,200,22,89,0
1899,200,56,13,1
525,200,82,64,0
800,200,92,21,1
996,200,21,48,0
1101,200,84,60,0
341,200,88,92,1
886,200,52,92,1
71,200,65,96,1
390,200,38,13,0
320,200,91,36,1
2159,200,67,47,1
252,200,85,41,0
2082,200,53,31,1
2254,500,76,54,1
163,200,45,72,0
431,200,96,43,1
1939,200,84,33,1
2088,200,37,56,1
1961,200,39,21,1
2446,200,54,43,1
306,200,23,51,0
230,200,75,99,1
884,200,29,36,0
492,200,26,14,0
1793,200,73,23,1
1402,200,98,66,1
937,200,82,32,0
590,200,33,92,1
1756,200,12,13,1
968,200,89,42,1
132,200,92,45,1
2245,200,72,11,1
1858,200,96,67,1
1687,200,16,61,1
245,200,90,32,1
303,200,22,36,0
1974,200,70,70,1
1802,200,35,25,1
1262,200,21,29,0
1071,200,50,74,0
521,503,39,84,1
199,200,95,89,1
1889,200,65,58,1
835,200,17,89,0
1217,200,47,69,0
2266,200,47,40,1
158,200,23,26,0
540,200,76,52,0
1910,200,32,96,1
801,200,16,62,0
1853,200,59,75,1
2280,200,52,80,1
1450,200,95,60,1
2409,200,60,72,1
291,200,73,97,1
1002,200,21,73,0
937,200,27,92,1
1703,200,98,79,1
1125,200,42,81,0
795,200,18,97,1
1763,200,80,88,1
2211,200,72,96,1
731,200,67,86,0
728,200,90,82,1
1761,200,88,24,1
812,200,26,89,0
1970,200,34,85,1
1047,200,73,44,0
864,200,16,73,0
135,200,18,91,1
711,200,40,86,0
1887,200,55,68,1
1821,500,12,16,1
1424,200,52,19,0
1351,200,27,44,0
1630,200,11,91,1
1241,200,67,85,0
158,200,49,85,0
1645,200,97,12,1
1528,200,12,38,1
155,200,27,49,0
815,200,22,82,0
1143,200,25,84,0
824,200,77,31,0
142,200,29,63,0
158,500,88,12,1
1410,200,96,85,1
1767,200,67,38,1
1996,200,44,13,1
1281,200,66,59,0
1357,200,47,61,0
787,200,93,92,1
2305,200,75,11,1
2229,503,81,18,1
1126,200,45,38,0
575,200,77,79,0
1892,200,37,44,1
72,200,55,86,0
678,200,39,83,0
790,503,82,99,1
375,200,100,17,1
942,200,36,87,0
823,200,86,63,1
1276,200,47,33,0
1720,200,40,93,1
2441,200,21,78,1
79,200,77,81,0
105,200,34,67,0
2024,200,96,41,1
77,200,50,53,0
1300,200,100,45,1
503,200,26,61,0
1695,200,65,64,1
1377,200,84,76,0
1862,503,88,100,1
1935,200,54,56,1
1593,200,84,57,1
102,200,71,66,0
1304,200,55,95,1
240,200,47,88,0
1362,200,81,10,0
170,200,60,54,0
1805,200,35,86,1
2257,200,96,59,1
1181,200,41,74,0
413,200,48,51,0
137,200,91,82,1
2098,200,29,80,1
2176,200,70,42,1
1250,200,25,20,0
2401,200,24,93,1
395,200,20,96,1
1919,200,90,62,1
1314,200,10,91,1
1887,503,90,23,1
2203,200,97,25,1
424,200,71,32,0
142,200,82,17,0
1640,200,32,31,1
2322,200,97,97,1
342,200,19,47,0
2009,200,95,61,1
583,200,67,14,0
1728,200,21,56,1
1135,200,27,48,0
1524,200,51,38,1
1397,200,66,37,0
2216,200,63,73,1
1274,200,65,40,0
677,200,16,70,0
1306,200,42,86,0
2232,503,71,27,1
1305,200,83,94,1
274,200,55,93,1
1508,200,20,81,1
1019,200,78,18,0
536,500,77,14,1
1198,200,71,56,0
1480,200,23,47,0
2292,200,37,54,1
292,200,33,24,0
1322,200,31,78,0
694,200,69,76,0
2286,200,88,91,1
1436,200,29,93,1
1515,200,42,11,1
1788,200,42,38,1
2044,200,62,56,1
2120,200,34,44,1
1994,200,73,38,1
2194,500,98,40,1
1019,503,53,40,1
1558,200,43,78,1
153,200,10,21,0
1442,200,100,21,1
454,200,59,38,0
1161,200,31,24,0
2407,500,92,74,1
568,200,44,92,1
2341,200,87,56,1
1794,200,86,98,1
335,200,13,31,0
751,200,14,53,0
1551,200,79,37,1
2410,200,23,20,1
1354,200,22,72,0
2088,200,36,37,1
1742,200,82,37,1
869,200,69,68,0
769,200,13,13,0
340,503,48,15,1
1913,200,11,14,1
191,200,71,24,0
1531,200,94,83,1
484,200,76,19,0
1042,200,30,98,1
240,200,48,97,1
1564,200,29,12,1
487,200,34,72,0
1582,200,65,63,1
124,200,45,26,0
1573,200,95,23,1
1823,200,39,43,1
2029,200,40,94,1
73,200,70,88,0
663,200,50,42,0
1087,200,12,91,1
1895,200,34,79,1
510,200,26,15,0
1082,200,49,11,0
1748,200,39,64,1
661,200,24,36,0
737,200,39,80,0
334,200,77,15,0
242,500,35,61,1
751,200,82,40,0
856,200,54,47,0
254,200,32,19,0
216,200,47,29,0
781,200,10,32,0
1973,200,36,13,1
213,200,45,43,0
2235,200,43,92,1
245,200,23,84,0
774,200,65,17,0
1922,200,67,33,1
1376,200,26,42,0
951,200,64,95,1
292,200,39,48,0
734,200,71,24,0
1332,200,49,39,0
815,200,13,33,0
1244,503,38,48,1
1258,503,94,52,1
1852,200,76,35,1
581,200,76,88,0
416,200,43,84,0
545,200,56,39,0
1762,200,14,33,1
822,200,61,18,0
1091,200,13,44,0
331,200,90,36,1
116,200,30,65,0
2138,200,41,17,1
218,200,50,33,0
157,200,27,31,0
920,200,27,67,0
980,200,73,100,1
1806,200,52,62,1
871,200,57,44,0
2319,200,26,42,1
1797,200,51,21,1
2093,200,81,94,1
491,503,45,56,1
1326,200,48,88,0
700,200,22,46,0
861,200,95,41,1
1365,200,91,31,1
425,200,16,13,0
2334,200,87,74,1
484,500,17,92,1
222,200,19,33,0
1321,503,68,22,1
342,200,68,90,0
345,200,50,97,1
2479,200,14,59,1
576,200,97,18,1
955,200,86,79,1
884,200,46,52,0
2151,200,59,34,1
2274,200,76,39,1
160,200,23,45,0
1696,200,94,91,1
2427,200,70,31,1
1165,200,13,72,0
1731,200,54,56,1
581,200,43,62,0
654,200,38,68,0
1727,200,53,96,1
1817,200,43,79,1
434,200,86,81,1
246,200,32,22,0
1433,200,66,28,0
1516,503,44,65,1
681,200,81,22,0
568,200,65,94,1
1175,200,48,53,0
2117,200,46,66,1
2280,200,93,30,1
1496,500,50,60,1
1327,200,60,77,0
1184,200,72,14,0
511,200,79,100,1
755,503,29,72,1
1472,200,19,56,0
175,200,83,34,0
927,200,48,43,0
1888,200,91,65,1
587,200,41,76,0
513,200,33,14,0
250,200,82,92,1
1940,200,98,79,1
1028,200,27,20,0
1686,200,44,75,1
1479,200,90,75,1
1703,200,47,49,1
1068,200,86,49,1
2047,200,13,53,1
1213,200,42,66,0
1689,200,47,38,1
1623,200,98,37,1
344,200,76,52,0
2443,200,31,18,1
1025,200,28,63,0
2193,200,21,49,1
1635,200,32,21,1
111,200,90,72,1
1059,200,32,84,0
2149,200,54,38,1
1528,200,99,41,1
1942,200,64,32,1
2107,200,85,45,1
2209,200,64,73,1
1512,200,23,69,1
206,200,35,40,0
1108,200,73,75,0
608,200,81,30,0
2212,200,67,74,1
459,200,39,36,0
449,200,65,90,0
763,200,48,33,0
1176,200,92,48,1
545,200,70,59,0
1101,200,74,53,0
988,200,26,75,0
382,200,10,31,0
1007,200,68,62,0
1391,200,80,86,0
82,200,59,26,0
2062,200,37,92,1
601,200,33,79,0
185,200,28,64,0
1736,200,55,97,1
2350,200,60,31,1
621,200,11,38,0
678,200,32,100,1
1282,200,85,81,0
1423,200,38,93,1
1691,200,31,64,1
2309,200,68,90,1
518,200,29,100,1
1760,200,71,53,1
1787,200,29,36,1
2090,200,57,28,1
2268,200,91,73,1
834,200,83,90,0
359,200,82,23,0
142,200,71,14,0
1724,200,55,53,1
2432,200,62,53,1
1303,200,27,45,0
1573,200,15,51,1
2406,200,45,56,1
249,200,53,46,0
2185,200,49,71,1
901,200,22,75,0
2469,200,88,41,1
464,200,88,36,1
1352,200,94,15,1
2030,503,57,17,1
637,200,37,52,0
370,200,27,45,0
1504,200,80,50,1
362,200,41,10,0
2020,200,83,60,1
593,200,95,76,1
1077,200,13,94,1
1870,200,17,29,1
1329,200,96,94,1
1265,200,84,37,0
873,200,59,13,0
1016,500,26,73,1
1948,503,64,55,1
1924,500,37,35,1
165,200,11,96,1
2105,200,25,76,1
1393,200,77,35,0
2446,200,98,94,1
689,200,52,95,1
513,200,37,87,0
2120,200,86,12,1
2310,200,10,74,1
709,200,26,25,0
1696,200,19,91,1
1819,200,64,36,1
1861,200,49,82,1
925,200,86,16,1
2333,503,19,60,1
704,200,95,47,1
2476,500,12,32,1
1842,200,80,87,1
314,200,84,27,0
750,200,29,23,0
59,200,48,13,0
1539,200,31,42,1
622,200,81,24,0
1521,200,81,83,1
954,200,65,98,1
2082,200,31,35,1
1279,500,54,25,1
2437,200,55,59,1
505,200,10,53,0
1524,200,25,17,1
784,200,62,34,0
334,200,60,54,0
1381,200,72,11,0
1947,200,55,33,1
1854,200,52,32,1
1895,200,25,47,1
1502,200,56,68,1
620,200,42,79,0
1364,200,80,23,0
2392,200,29,89,1
2201,200,37,92,1
734,200,78,45,0
91,200,10,47,0
896,200,58,95,1
1094,200,34,90,0
1676,200,21,14,1
1587,200,73,78,1
1722,200,77,62,1
1258,200,94,15,1
1926,200,86,65,1
918,200,48,65,0
2373,200,10,94,1
2405,200,74,44,1
371,200,11,92,1
1250,200,38,90,0
1205,200,77,66,0
1183,200,14,100,1
521,200,47,10,0
1772,200,66,83,1
69,200,92,19,1
2158,200,77,44,1
174,200,20,70,0
2267,200,64,47,1
539,200,10,44,0
525,200,33,32,0
2103,200,67,90,1
1777,200,16,95,1
1147,200,74,39,0
2201,200,54,85,1
1618,200,85,78,1
628,200,63,14,0
636,200,10,33,0
997,200,73,18,0
1391,200,100,27,1
1864,200,65,22,1
891,200,49,54,0
1730,200,90,91,1
1606,200,84,46,1
1088,200,56,35,0
2301,200,84,55,1
2421,200,23,15,1
607,200,19,88,0
1131,200,17,91,1
653,200,43,91,1
2198,200,21,86,1
678,200,41,18,0
1166,200,88,25,1
747,200,68,70,0
104,200,30,95,1
768,200,92,52,1
881,200,45,11,0
2299,200,28,45,1
2127,200,17,19,1
843,200,94,100,1
1339,200,74,22,0
2212,200,58,77,1
648,500,30,70,1
368,200,28,79,0
2472,200,52,90,1
102,200,73,40,0
1423,200,91,71,1
684,200,54,70,0
1844,503,63,62,1
1410,200,31,69,0
764,200,100,94,1
1397,200,67,48,0
1414,200,100,24,1
1941,200,16,96,1
2489,200,33,51,1
1944,200,45,12,1
382,503,66,29,1
1241,200,80,50,0
553,200,59,17,0
173,200,36,36,0
1032,200,84,67,0
1745,200,82,17,1
2306,200,56,93,1
1167,503,42,62,1
1567,200,20,80,1
1405,200,37,72,0
1043,200,10,36,0
1881,200,75,92,1
447,200,17,69,0
1507,200,75,71,1
792,200,65,23,0
1266,200,79,10,0
1945,200,27,84,1
660,200,70,39,0
1051,200,27,43,0
562,200,25,61,0
918,200,13,70,0
1975,200,14,51,1
1995,200,50,82,1
1935,200,24,68,1
1387,200,18,78,0
1532,200,59,15,1
824,200,65,86,0
490,200,90,23,1
241,200,18,18,0
1588,200,59,85,1
1927,200,59,54,1
1726,200,43,100,1
1020,200,50,89,0
625,200,26,55,0
778,200,86,74,1
1656,200,69,48,1
1605,200,20,81,1
831,200,35,43,0
1910,200,89,51,1
1898,200,34,95,1
524,200,41,44,0
833,200,64,49,0
767,200,69,57,0
1235,200,85,21,0
605,200,18,63,0
559,200,23,60,0
1637,200,91,86,1
1232,200,84,90,0
91,200,69,98,1
1487,200,98,12,1
1095,200,12,46,0
1283,200,47,29,0
1590,200,77,47,1
1699,200,71,100,1
1180,500,60,36,1
280,200,25,100,1
261,200,81,93,1
1884,200,40,18,1
1063,200,65,73,0
1409,200,33,55,0
663,503,25,92,1
2356,200,80,95,1
1235,200,26,42,0
1197,200,51,70,0
1171,200,10,69,0
366,200,94,19,1
2069,200,51,99,1
795,200,17,63,0
103,200,91,39,1
2284,200,39,94,1
875,500,56,80,1
106,500,62,30,1
1088,200,39,59,0
1131,200,94,23,1
960,200,34,24,0
1244,200,99,26,1
2298,200,90,59,1
715,200,94,76,1
141,200,31,89,0
180,200,87,76,1
1411,200,98,15,1
277,500,84,95,1
2416,200,25,38,1
1194,503,88,51,1
2252,200,66,60,1
1286,200,78,47,0
481,200,80,58,0
422,200,91,46,1
2040,200,98,56,1
1658,200,63,13,1
1880,200,92,66,1
2349,200,77,55,1
1051,200,35,86,0
2379,200,43,91,1
1296,200,53,88,0
2141,200,13,77,1
597,200,88,20,1
570,500,82,26,1
1039,200,46,20,0
120,200,18,49,0
1645,200,41,88,1
1969,200,82,39,1
1638,200,87,32,1
2230,200,19,18,1
1430,200,36,28,0
459,200,65,85,0
1036,200,45,98,1
1819,200,10,11,1
1055,200,76,92,1
1027,200,82,55,0
1901,200,58,21,1
1302,200,29,39,0
228,200,90,56,1
2481,200,23,92,1
1767,200,71,37,1
1203,200,79,79,0
1947,200,25,79,1
1892,200,11,42,1
64,200,41,59,0
609,200,77,35,0
285,200,66,48,0
1700,200,44,18,1
1960,200,13,95,1
1301,200,88,39,1
2413,200,11,55,1
527,200,83,20,0
2108,200,77,55,1
1505,200,14,14,1
206,200,12,93,1
1119,200,72,97,1
1768,200,19,38,1
473,200,15,86,0
229,200,60,71,0
1253,200,43,93,1
921,503,51,80,1
1511,200,69,97,1
1703,200,61,18,1
529,200,70,86,0
2014,200,53,82,1
2010,200,45,90,1
1665,200,10,44,1
1013,200,57,91,1
577,200,34,20,0
1139,200,88,46,1
865,200,29,26,0
926,200,45,72,0
2276,200,75,19,1
2417,200,72,95,1
1807,200,45,72,1
333,200,88,98,1
1276,200,63,62,0
1487,200,15,71,0
573,200,29,29,0
2335,503,47,88,1
983,503,40,14,1
401,200,62,76,0
2410,200,54,20,1
1738,200,47,26,1
1061,200,96,24,1
1309,200,99,57,1
672,200,94,76,1
171,200,38,20,0
1792,200,15,41,1
1019,200,67,97,1
2481,200,54,33,1
1983,200,83,67,1
742,200,80,81,0
454,200,52,73,0
1953,200,56,12,1
1666,200,72,84,1
458,200,97,28,1
237,200,73,37,0
2364,200,25,14,1
340,200,13,21,0
1637,500,15,80,1
638,200,74,17,0
1105,500,13,86,1
2285,200,68,31,1
2003,200,94,12,1
2482,200,20,72,1
942,200,84,55,0
2255,200,24,96,1
287,200,83,61,0
768,200,90,87,1
1735,200,24,81,1
2308,200,44,84,1
1578,200,83,77,1
649,200,30,54,0
630,200,32,45,0
529,200,83,79,0
924,200,66,49,0
1338,200,72,69,0
1804,200,40,71,1
843,200,30,15,0
101,200,71,25,0
1957,200,92,68,1
1222,200,21,42,0
53,200,95,10,1
2074,200,99,51,1
1007,200,52,22,0
658,200,53,83,0
1494,200,58,10,0
710,200,73,63,0
611,200,10,39,0
562,503,96,95,1
588,200,25,69,0
415,200,32,20,0
1113,200,74,32,0
1423,200,96,30,1
1368,200,60,64,0
50,200,42,27,0
272,200,18,15,0
510,200,73,63,0
960,200,10,64,0
1481,200,43,98,1
1658,200,48,11,1
1948,200,62,78,1
537,200,83,36,0
589,200,31,45,0
1794,200,32,35,1
1097,200,23,15,0
1625,200,94,50,1
980,200,99,84,1
1557,200,87,21,1
216,200,68,98,1
1211,200,37,20,0
1252,200,57,14,0
1220,503,60,64,1
305,200,84,90,0
723,200,39,78,0
917,200,64,84,0
2404,200,97,34,1
2313,200,30,58,1
1158,200,57,55,0
1744,200,61,88,1
1456,200,39,91,1
606,200,86,28,1
2480,200,65,39,1
1479,200,39,57,0
1563,200,79,84,1
1836,200,61,91,1
1429,200,64,22,0
1620,200,13,15,1
590,200,22,99,1
1141,200,68,11,0
2073,503,47,93,1
1241,200,26,71,0
632,200,45,56,0
1258,200,53,60,0
1784,200,98,68,1
2177,503,67,99,1
1543,200,69,56,1
1477,200,68,80,0
1482,200,35,37,0
433,200,73,29,0
2343,200,22,47,1
369,200,51,10,0
292,200,55,47,0
135,503,31,98,1
849,200,66,74,0
714,200,10,37,0
2263,200,62,11,1
1414,200,73,20,0
516,200,15,93,1
537,200,27,72,0
1404,200,39,10,0
1152,200,88,31,1
757,200,100,74,1
1982,200,29,16,1
1437,200,15,89,0
1519,200,86,97,1
1607,500,20,31,1
848,200,94,83,1
1420,200,59,55,0
2281,200,62,28,1
433,200,61,22,0
2448,200,54,40,1
802,200,17,44,0
277,200,82,75,0
1571,200,49,96,1
1243,200,10,23,0
1302,200,54,22,0
1891,200,81,11,1
416,200,94,16,1
1523,200,12,22,1
1363,200,28,52,0
144,200,38,32,0
2327,200,90,57,1
330,200,60,50,0
917,200,53,97,1
2168,200,18,18,1
304,200,84,71,0
251,200,84,21,0
1403,200,34,21,0
1358,200,43,79,0
2171,200,17,61,1
555,200,62,88,0
189,200,36,90,0
1421,200,90,25,1
1301,200,26,56,0
281,200,42,27,0
931,200,41,86,0
1578,200,97,77,1
1204,200,67,98,1
2457,200,60,65,1
1138,200,38,40,0
1054,200,47,48,0
1739,200,46,94,1
1221,200,83,58,0
2449,200,55,70,1
429,200,55,71,0
2205,200,14,91,1
2476,200,93,10,1
995,200,14,81,0
289,200,85,57,0
1759,200,13,90,1
1411,200,55,45,0
1564,200,28,100,1
1053,200,66,53,0
1669,200,68,83,1
1822,200,11,22,1
1192,200,46,44,0
1144,200,19,14,0
1191,200,87,54,1
350,200,63,65,0
1066,200,44,99,1
1775,200,66,55,1
2155,200,52,46,1
1561,200,86,98,1
134,200,92,78,1
2379,200,47,74,1
1277,200,82,39,0
822,200,77,15,0
2045,200,15,100,1
